PermutationIndex,Permutation,MatterQubits
495201609,"[3,8,7,13,6,11,2,1,12,10,5,9,4]",4
495288321,"[2,8,7,12,5,10,6,3,11,13,4,9,1]",4
495369104,"[3,8,6,10,5,12,4,7,13,11,1,9,2]",4
495819372,"[2,7,6,11,4,12,3,8,13,10,1,9,5]",4
495866189,"[5,7,6,12,3,10,4,8,13,11,1,9,2]",4
495995337,"[2,8,7,10,5,11,3,4,12,13,6,9,1]",4
496113866,"[5,7,6,11,1,12,2,8,13,10,4,9,3]",4
496401975,"[1,6,4,10,7,12,3,8,11,13,2,9,5]",4
496412330,"[1,8,6,10,2,13,3,7,11,12,5,9,4]",4
496804070,"[1,8,7,10,2,11,4,6,12,13,5,9,3]",4
497190618,"[5,8,2,12,6,11,1,7,10,13,4,9,3]",4
497424143,"[4,7,6,11,3,10,2,8,13,12,5,9,1]",4
497436395,"[4,7,6,13,3,11,5,8,12,10,1,9,2]",4
497656427,"[3,8,6,13,4,10,2,7,11,12,5,9,1]",4
498007204,"[4,8,7,12,3,10,5,6,11,13,2,9,1]",4
498288798,"[3,8,7,13,2,11,5,4,12,10,6,9,1]",4
498474059,"[5,8,7,13,3,10,4,6,12,11,2,9,1]",4
498855397,"[4,1,6,13,7,10,3,8,12,11,5,9,2]",4
499541576,"[1,7,2,13,6,11,3,8,10,12,4,9,5]",4
499560631,"[4,8,7,11,2,10,3,6,12,13,5,9,1]",4
499875375,"[5,8,7,13,4,11,2,3,10,12,6,9,1]",4
499959896,"[5,1,6,10,7,13,2,8,12,11,4,9,3]",4
500073597,"[3,8,7,12,1,11,2,6,10,13,5,9,4]",4
500113854,"[2,6,4,13,7,11,1,8,10,12,3,9,5]",4
500169066,"[5,8,7,11,1,10,3,4,12,13,6,9,2]",4
500489940,"[5,8,2,12,6,10,1,7,13,11,4,9,3]",4
500568046,"[2,6,1,12,7,10,3,8,13,11,4,9,5]",4
500708598,"[2,8,7,11,6,12,5,1,10,13,3,9,4]",4
500744908,"[5,7,4,11,6,13,2,8,12,10,3,9,1]",4
501018506,"[1,8,7,13,5,10,6,2,11,12,4,9,3]",4
501194978,"[4,8,7,11,2,10,1,5,12,13,6,9,3]",4
501257447,"[5,8,7,13,4,10,3,6,12,11,2,9,1]",4
501573410,"[3,1,6,11,7,13,4,8,10,12,5,9,2]",4
501851725,"[4,8,6,10,3,12,5,7,13,11,2,9,1]",4
501969553,"[1,8,7,12,2,13,3,5,10,11,6,9,4]",4
502656091,"[1,6,2,12,7,10,3,8,11,13,5,9,4]",4
503382743,"[3,7,6,12,2,13,4,8,11,10,1,9,5]",4
503414173,"[2,8,6,12,1,11,4,7,13,10,5,9,3]",4
503492061,"[4,8,7,13,1,12,2,3,10,11,6,9,5]",4
503641624,"[4,8,7,12,3,13,1,6,10,11,5,9,2]",4
503646790,"[1,8,7,11,5,10,2,6,12,13,3,9,4]",4
503756929,"[5,8,7,10,3,12,1,2,13,11,6,9,4]",4
503815887,"[3,8,7,11,1,10,5,6,13,12,4,9,2]",4
503913675,"[4,8,6,12,5,13,2,7,10,11,1,9,3]",4
503984866,"[2,5,6,13,7,11,1,8,12,10,4,9,3]",4
504083471,"[4,7,1,12,6,11,2,8,13,10,3,9,5]",4
504259015,"[5,8,7,11,4,13,2,6,12,10,3,9,1]",4
504526908,"[3,8,7,10,4,11,6,5,13,12,2,9,1]",4
130039310,"[2,8,6,10,4,13,3,7,12,11,1,9,5]",4
130203691,"[2,8,4,10,6,12,1,7,13,11,3,9,5]",4
130205235,"[5,7,6,13,2,11,1,8,12,10,4,9,3]",4
130400374,"[3,7,6,10,4,13,5,8,12,11,2,9,1]",4
130918430,"[4,6,2,12,7,11,5,8,10,13,1,9,3]",4
130945880,"[2,8,7,12,1,13,6,5,10,11,4,9,3]",4
131015691,"[4,8,2,11,6,13,5,7,12,10,3,9,1]",4
131246060,"[1,8,7,11,2,13,4,6,12,10,5,9,3]",4
131304665,"[2,8,7,10,1,11,6,4,13,12,3,9,5]",4
131858871,"[4,8,5,13,6,11,1,7,12,10,2,9,3]",4
131935644,"[2,7,4,12,6,13,1,8,10,11,5,9,3]",4
132019248,"[3,8,6,10,5,13,2,7,12,11,1,9,4]",4
132520014,"[1,7,2,13,6,10,4,8,11,12,3,9,5]",4
132583557,"[1,8,6,13,4,12,3,7,11,10,2,9,5]",4
132798828,"[5,8,7,12,4,10,6,1,11,13,3,9,2]",4
133393081,"[2,8,7,12,4,11,3,6,13,10,1,9,5]",4
133399690,"[2,8,6,11,1,10,4,7,13,12,3,9,5]",4
133964349,"[5,1,6,12,7,10,4,8,13,11,2,9,3]",4
133995931,"[3,8,7,11,2,10,1,4,13,12,6,9,5]",4
134070669,"[4,8,7,12,6,13,3,2,10,11,5,9,1]",4
134262829,"[3,8,7,12,2,13,6,5,10,11,4,9,1]",4
134337080,"[4,8,7,12,1,11,5,6,10,13,3,9,2]",4
134541399,"[2,6,5,11,7,10,4,8,12,13,1,9,3]",4
134782304,"[2,3,6,10,7,11,1,8,13,12,4,9,5]",4
134867642,"[5,8,2,10,6,12,3,7,11,13,4,9,1]",4
135346315,"[1,8,7,10,5,13,6,3,12,11,4,9,2]",4
135906087,"[2,8,7,11,4,10,6,5,13,12,1,9,3]",4
135962903,"[3,8,7,13,6,11,2,5,12,10,4,9,1]",4
136904878,"[3,7,5,13,6,12,4,8,10,11,1,9,2]",4
137107448,"[2,5,6,12,7,13,1,8,11,10,3,9,4]",4
137232405,"[5,8,7,11,3,13,2,4,10,12,6,9,1]",4
137239747,"[5,2,6,11,7,13,1,8,12,10,3,9,4]",4
137290149,"[1,7,5,10,6,11,2,8,12,13,3,9,4]",4
137436944,"[5,7,2,13,6,10,3,8,12,11,4,9,1]",4
137808005,"[4,8,7,10,3,12,1,6,11,13,2,9,5]",4
137864365,"[1,8,6,10,5,13,4,7,12,11,2,9,3]",4
138126733,"[2,7,6,11,4,12,3,8,10,13,5,9,1]",4
138462703,"[4,7,3,13,6,11,1,8,10,12,2,9,5]",4
138983131,"[2,8,1,13,6,11,4,7,12,10,5,9,3]",4
139108484,"[3,8,7,13,4,10,2,6,11,12,1,9,5]",4
139416468,"[2,8,6,12,4,13,5,7,11,10,1,9,3]",4
139520877,"[1,5,6,12,7,10,4,8,11,13,2,9,3]",4
139733939,"[5,8,7,13,4,12,2,6,10,11,3,9,1]",4
139763144,"[5,7,1,12,6,11,4,8,13,10,2,9,3]",4
140035669,"[2,8,7,12,3,13,4,5,10,11,6,9,1]",4
141646330,"[4,8,6,11,3,13,1,7,12,10,5,9,2]",4
141937236,"[5,6,3,10,7,11,1,8,12,13,4,9,2]",4
141989763,"[5,1,6,12,7,10,3,8,11,13,4,9,2]",4
142026142,"[2,6,5,10,7,11,3,8,13,12,1,9,4]",4
142100952,"[3,8,6,12,4,10,5,7,11,13,2,9,1]",4
143032971,"[5,8,7,10,1,11,4,6,12,13,3,9,2]",4
143199084,"[5,8,1,13,6,10,3,7,12,11,2,9,4]",4
143240009,"[3,6,4,10,7,11,1,8,13,12,5,9,2]",4
143742777,"[1,7,3,10,6,11,2,8,12,13,5,9,4]",4
143782547,"[2,8,3,12,6,11,5,7,13,10,1,9,4]",4
143951583,"[2,8,7,11,1,13,3,6,12,10,5,9,4]",4
144199993,"[1,8,4,11,6,13,3,7,12,10,5,9,2]",4
144369435,"[5,7,6,10,1,13,2,8,11,12,4,9,3]",4
144370650,"[4,8,1,10,6,11,2,7,13,12,3,9,5]",4
144591046,"[4,8,7,11,6,13,2,3,10,12,5,9,1]",4
144665043,"[3,5,6,12,7,11,1,8,13,10,4,9,2]",4
144908677,"[5,7,4,12,6,11,3,8,13,10,1,9,2]",4
145431552,"[1,8,7,13,3,12,5,2,11,10,6,9,4]",4
145590539,"[3,8,7,13,1,10,4,2,11,12,6,9,5]",4
145940166,"[3,8,7,13,2,10,5,1,11,12,6,9,4]",4
146340311,"[5,7,6,10,2,11,3,8,12,13,4,9,1]",4
146553744,"[1,7,6,10,3,11,4,8,13,12,5,9,2]",4
146583077,"[3,7,5,13,6,12,2,8,11,10,1,9,4]",4
146658207,"[3,8,7,11,4,10,5,1,13,12,6,9,2]",4
146706019,"[4,1,6,13,7,12,2,8,10,11,3,9,5]",4
146925979,"[5,7,6,11,3,13,1,8,12,10,4,9,2]",4
147303988,"[4,7,1,13,6,11,2,8,12,10,5,9,3]",4
147890186,"[3,8,6,11,4,10,2,7,12,13,1,9,5]",4
147990461,"[1,8,7,10,3,13,2,6,12,11,5,9,4]",4
148390690,"[5,6,3,10,7,11,1,8,13,12,4,9,2]",4
148649863,"[5,6,4,11,7,12,3,8,13,10,1,9,2]",4
148668888,"[4,8,7,13,1,11,6,2,10,12,3,9,5]",4
148889875,"[4,6,1,11,7,12,3,8,10,13,2,9,5]",4
148955788,"[3,8,6,13,4,11,1,7,12,10,2,9,5]",4
149154313,"[5,8,7,13,3,11,6,4,10,12,1,9,2]",4
149356533,"[4,8,7,10,6,11,5,3,12,13,1,9,2]",4
149911325,"[5,6,1,13,7,12,2,8,10,11,4,9,3]",4
150291031,"[5,6,2,12,7,10,3,8,11,13,1,9,4]",4
150887574,"[1,3,6,10,7,13,5,8,12,11,2,9,4]",4
151748992,"[2,4,6,12,7,10,1,8,11,13,5,9,3]",4
151772288,"[1,7,6,13,4,12,3,8,10,11,2,9,5]",4
151835812,"[3,8,7,13,6,11,1,2,12,10,5,9,4]",4
151841786,"[5,8,7,10,3,13,6,1,11,12,2,9,4]",4
151939861,"[1,6,5,10,7,13,3,8,11,12,4,9,2]",4
152038673,"[3,7,4,10,6,11,5,8,12,13,2,9,1]",4
152249391,"[1,8,7,10,5,12,4,6,13,11,2,9,3]",4
152362366,"[3,8,7,11,1,13,6,5,10,12,4,9,2]",4
152509208,"[3,8,6,12,2,10,4,7,11,13,5,9,1]",4
152629316,"[2,8,7,10,3,13,6,1,12,11,5,9,4]",4
152893363,"[5,7,6,11,4,12,2,8,13,10,3,9,1]",4
153625917,"[2,8,7,11,6,13,1,4,10,12,3,9,5]",4
153709939,"[5,8,7,12,6,13,1,3,10,11,4,9,2]",4
153782067,"[3,8,7,11,5,10,4,6,12,13,2,9,1]",4
154173834,"[2,8,4,11,6,13,3,7,10,12,1,9,5]",4
154272736,"[1,8,7,10,2,11,4,3,13,12,6,9,5]",4
154383740,"[2,8,6,13,4,12,1,7,11,10,5,9,3]",4
154411178,"[2,1,6,11,7,10,3,8,13,12,5,9,4]",4
154678814,"[4,8,7,10,5,12,1,6,13,11,3,9,2]",4
154721133,"[4,3,6,11,7,12,2,8,13,10,5,9,1]",4
154988778,"[1,8,6,12,5,13,2,7,11,10,4,9,3]",4
155146266,"[5,8,6,11,1,10,4,7,12,13,2,9,3]",4
155762867,"[1,8,7,12,6,10,3,4,11,13,5,9,2]",4
156489601,"[5,8,2,10,6,12,4,7,11,13,1,9,3]",4
156673492,"[2,8,1,11,6,13,4,7,12,10,5,9,3]",4
156679594,"[4,8,2,10,6,13,1,7,11,12,3,9,5]",4
156841347,"[1,8,7,13,6,12,2,4,10,11,5,9,3]",4
157371530,"[3,8,4,11,6,10,5,7,12,13,1,9,2]",4
157393956,"[3,8,7,12,6,13,2,4,11,10,5,9,1]",4
157420449,"[3,8,6,13,5,12,2,7,11,10,1,9,4]",4
157713112,"[5,8,7,12,4,11,6,2,13,10,3,9,1]",4
158361957,"[4,6,5,13,7,11,1,8,10,12,3,9,2]",4
158414061,"[5,7,2,13,6,12,1,8,10,11,4,9,3]",4
158515124,"[2,6,1,10,7,11,4,8,13,12,5,9,3]",4
158637413,"[1,8,7,12,5,10,3,2,11,13,6,9,4]",4
158938254,"[1,7,5,12,6,11,2,8,13,10,3,9,4]",4
159161916,"[5,8,3,13,6,11,2,7,10,12,4,9,1]",4
159436107,"[2,6,1,11,7,12,5,8,13,10,3,9,4]",4
159712010,"[3,8,6,10,5,12,2,7,11,13,4,9,1]",4
159890148,"[4,2,6,13,7,11,1,8,10,12,3,9,5]",4
160009957,"[2,8,7,13,1,12,4,5,10,11,6,9,3]",4
160031475,"[1,7,4,13,6,10,2,8,12,11,3,9,5]",4
160107201,"[5,8,6,12,4,10,2,7,13,11,1,9,3]",4
160236675,"[1,2,6,10,7,12,4,8,13,11,3,9,5]",4
160307502,"[4,8,7,11,5,10,1,6,12,13,2,9,3]",4
160494635,"[2,8,6,13,1,12,5,7,11,10,3,9,4]",4
160496384,"[4,8,7,13,3,10,6,5,12,11,1,9,2]",4
160868461,"[2,6,3,13,7,11,5,8,12,10,4,9,1]",4
161216791,"[3,7,6,12,2,11,5,8,13,10,4,9,1]",4
161299972,"[5,1,6,10,7,11,4,8,13,12,2,9,3]",4
161826187,"[4,8,6,11,3,13,5,7,10,12,1,9,2]",4
161904444,"[4,2,6,10,7,12,1,8,11,13,5,9,3]",4
161981410,"[5,8,1,10,6,12,2,7,13,11,3,9,4]",4
162570467,"[4,8,7,12,1,10,5,6,11,13,3,9,2]",4
162846561,"[4,6,1,11,7,12,2,8,10,13,5,9,3]",4
162990420,"[4,8,7,11,2,10,5,1,12,13,6,9,3]",4
163117629,"[1,6,2,12,7,13,4,8,10,11,3,9,5]",4
163269451,"[3,8,7,11,6,10,5,4,13,12,1,9,2]",4
163535798,"[3,7,2,13,6,11,4,8,12,10,1,9,5]",4
163702565,"[1,8,6,10,2,13,3,7,12,11,5,9,4]",4
163867071,"[5,8,7,11,3,10,2,6,12,13,1,9,4]",4
164102706,"[4,8,5,11,6,13,1,7,12,10,3,9,2]",4
164151789,"[1,7,6,13,3,12,5,8,10,11,4,9,2]",4
164365574,"[2,6,3,11,7,10,1,8,13,12,5,9,4]",4
164496081,"[3,8,7,12,5,11,4,6,10,13,2,9,1]",4
164603614,"[2,7,5,10,6,12,1,8,13,11,3,9,4]",4
164974431,"[5,7,6,11,1,10,3,8,13,12,2,9,4]",4
165144662,"[3,8,7,13,6,12,5,2,10,11,4,9,1]",4
165147838,"[4,6,3,12,7,13,1,8,11,10,5,9,2]",4
165329261,"[3,7,2,13,6,10,4,8,11,12,5,9,1]",4
165459388,"[1,6,5,12,7,13,3,8,11,10,4,9,2]",4
165673138,"[1,8,7,10,3,12,2,4,13,11,6,9,5]",4
165909895,"[5,7,6,13,1,10,3,8,12,11,2,9,4]",4
166468261,"[1,8,7,12,5,11,2,6,10,13,3,9,4]",4
166520882,"[2,8,7,10,4,13,1,6,12,11,3,9,5]",4
166968192,"[3,2,6,10,7,12,1,8,13,11,4,9,5]",4
166970371,"[3,8,5,13,6,12,4,7,11,10,1,9,2]",4
167239934,"[2,8,7,10,6,11,4,5,12,13,1,9,3]",4
167258437,"[4,8,1,10,6,13,3,7,12,11,5,9,2]",4
167434667,"[5,8,1,13,6,11,4,7,12,10,2,9,3]",4
167973025,"[5,8,1,11,6,10,4,7,13,12,2,9,3]",4
168033030,"[5,8,7,10,1,13,2,6,11,12,4,9,3]",4
168093282,"[5,8,7,10,3,13,6,1,12,11,4,9,2]",4
168172295,"[5,8,6,10,4,13,1,7,11,12,2,9,3]",4
168517097,"[5,8,2,13,6,11,3,7,12,10,1,9,4]",4
169140522,"[3,8,4,11,6,13,1,7,10,12,2,9,5]",4
169344696,"[4,7,6,11,1,13,3,8,12,10,5,9,2]",4
169468522,"[1,7,2,11,6,10,3,8,13,12,4,9,5]",4
169535403,"[1,8,7,10,3,12,2,6,11,13,5,9,4]",4
169859262,"[1,8,7,12,6,11,5,3,13,10,2,9,4]",4
169861099,"[1,8,7,13,6,11,5,3,10,12,2,9,4]",4
170022593,"[4,8,7,11,5,10,1,6,12,13,2,9,3]",4
170132157,"[3,7,6,12,2,10,4,8,13,11,5,9,1]",4
170980669,"[3,6,1,12,7,10,4,8,13,11,5,9,2]",4
171138239,"[5,8,7,13,2,12,4,3,10,11,6,9,1]",4
171330680,"[1,8,6,10,5,13,2,7,11,12,3,9,4]",4
171396394,"[2,8,6,10,3,11,1,7,13,12,5,9,4]",4
171693378,"[2,8,6,13,4,12,3,7,11,10,5,9,1]",4
171846015,"[1,5,6,10,7,13,4,8,12,11,3,9,2]",4
172249852,"[2,8,6,13,5,10,3,7,12,11,4,9,1]",4
172311460,"[3,8,7,12,4,10,6,2,11,13,1,9,5]",4
172366539,"[3,8,7,13,5,10,6,4,11,12,1,9,2]",4
172610740,"[5,8,7,11,4,13,2,3,12,10,6,9,1]",4
172677824,"[3,8,7,11,5,10,2,6,12,13,1,9,4]",4
172900951,"[1,4,6,13,7,12,5,8,10,11,3,9,2]",4
173629378,"[3,8,7,11,1,10,4,5,12,13,6,9,2]",4
174025965,"[1,8,5,12,6,10,2,7,11,13,4,9,3]",4
174669338,"[5,8,7,12,6,10,3,1,11,13,2,9,4]",4
175251575,"[4,5,6,12,7,11,2,8,10,13,3,9,1]",4
175626094,"[5,8,7,13,2,11,6,4,10,12,1,9,3]",4
176188847,"[3,5,6,12,7,13,4,8,11,10,1,9,2]",4
176642915,"[2,8,7,12,1,10,3,6,11,13,5,9,4]",4
177038700,"[4,8,6,12,3,11,2,7,10,13,1,9,5]",4
177112096,"[4,8,7,12,6,11,1,5,10,13,2,9,3]",4
177212640,"[4,8,7,13,1,11,3,6,10,12,5,9,2]",4
177419614,"[4,8,6,13,1,12,2,7,11,10,5,9,3]",4
177433214,"[3,6,5,11,7,13,2,8,10,12,1,9,4]",4
177699339,"[2,8,7,11,5,13,6,1,10,12,3,9,4]",4
178838890,"[1,8,7,12,5,11,3,2,10,13,6,9,4]",4
179218400,"[5,1,6,11,7,13,4,8,12,10,3,9,2]",4
179332916,"[1,7,2,13,6,10,5,8,11,12,3,9,4]",4
179484394,"[1,8,5,12,6,13,3,7,10,11,2,9,4]",4
179568490,"[4,8,6,10,5,12,3,7,13,11,2,9,1]",4
179588149,"[3,7,4,13,6,12,2,8,11,10,1,9,5]",4
179911010,"[4,6,2,11,7,10,1,8,12,13,5,9,3]",4
180124946,"[5,6,3,10,7,11,4,8,13,12,1,9,2]",4
180164859,"[1,8,7,10,2,13,4,5,12,11,6,9,3]",4
180254268,"[1,8,7,10,2,11,6,5,13,12,4,9,3]",4
180642160,"[1,7,4,10,6,11,2,8,12,13,5,9,3]",4
180697132,"[5,8,7,12,1,13,3,6,11,10,4,9,2]",4
180780050,"[5,8,7,13,1,12,6,3,11,10,2,9,4]",4
181121334,"[4,7,6,11,5,10,3,8,12,13,1,9,2]",4
181145294,"[2,8,7,10,6,13,1,5,12,11,3,9,4]",4
181274365,"[1,7,6,13,4,12,2,8,10,11,5,9,3]",4
181356878,"[5,8,6,12,3,13,2,7,10,11,1,9,4]",4
181388173,"[1,3,6,10,7,11,5,8,12,13,4,9,2]",4
181535149,"[2,8,7,13,3,11,4,6,10,12,1,9,5]",4
181678799,"[4,6,5,13,7,12,3,8,11,10,2,9,1]",4
181689499,"[1,7,5,13,6,12,2,8,11,10,4,9,3]",4
181754384,"[1,8,7,12,2,13,5,6,10,11,3,9,4]",4
181776458,"[1,8,6,11,2,12,4,7,13,10,5,9,3]",4
181891367,"[2,8,7,11,4,10,1,6,12,13,5,9,3]",4
181912184,"[5,6,4,11,7,10,1,8,13,12,3,9,2]",4
182131858,"[5,8,7,12,2,11,1,6,13,10,3,9,4]",4
182152823,"[4,8,6,12,3,11,2,7,10,13,1,9,5]",4
182466313,"[2,8,6,13,3,11,1,7,12,10,4,9,5]",4
182504005,"[5,8,2,10,6,13,3,7,12,11,4,9,1]",4
182829778,"[1,8,7,10,4,11,6,2,12,13,5,9,3]",4
182912216,"[1,6,3,11,7,10,5,8,12,13,4,9,2]",4
183070587,"[2,8,5,12,6,10,4,7,13,11,3,9,1]",4
183102487,"[5,8,7,13,4,12,6,1,11,10,2,9,3]",4
183153182,"[2,8,6,10,4,11,1,7,12,13,5,9,3]",4
183252668,"[2,8,7,13,6,12,4,1,10,11,5,9,3]",4
183620290,"[3,6,2,11,7,12,4,8,10,13,5,9,1]",4
183800595,"[5,8,7,13,3,10,4,1,11,12,6,9,2]",4
183845018,"[1,8,7,13,4,11,5,2,12,10,6,9,3]",4
184069976,"[3,8,4,13,6,12,5,7,11,10,1,9,2]",4
184305324,"[1,7,2,10,6,13,3,8,11,12,5,9,4]",4
184718482,"[5,7,1,11,6,13,2,8,10,12,4,9,3]",4
184767288,"[1,8,7,11,6,13,5,4,10,12,3,9,2]",4
185108279,"[3,8,7,10,2,13,1,6,11,12,5,9,4]",4
185942971,"[3,8,7,10,6,12,1,5,11,13,2,9,4]",4
186102167,"[4,8,2,10,6,13,5,7,12,11,3,9,1]",4
186179866,"[4,8,7,13,1,11,5,3,10,12,6,9,2]",4
186248752,"[1,8,7,10,4,12,6,5,13,11,3,9,2]",4
186272458,"[3,7,4,13,6,10,5,8,11,12,2,9,1]",4
186380572,"[5,8,6,10,3,11,4,7,12,13,2,9,1]",4
186710767,"[1,8,7,13,5,10,4,6,11,12,3,9,2]",4
187052573,"[2,8,7,10,3,11,1,6,13,12,4,9,5]",4
187091768,"[5,8,4,11,6,13,2,7,10,12,1,9,3]",4
187362105,"[3,1,6,13,7,12,5,8,10,11,4,9,2]",4
188585828,"[1,8,7,11,4,13,2,6,10,12,3,9,5]",4
188648335,"[2,8,7,10,3,11,6,1,13,12,5,9,4]",4
188655897,"[5,6,3,10,7,11,2,8,13,12,4,9,1]",4
188912406,"[1,7,5,11,6,10,2,8,13,12,4,9,3]",4
189139401,"[4,8,7,10,6,13,3,1,12,11,5,9,2]",4
189145129,"[1,8,7,10,4,11,6,3,13,12,2,9,5]",4
189311032,"[4,7,6,10,3,12,2,8,11,13,1,9,5]",4
189376259,"[4,6,5,11,7,12,1,8,13,10,3,9,2]",4
190011490,"[4,7,2,11,6,13,5,8,10,12,1,9,3]",4
190344403,"[2,8,7,13,6,12,1,5,10,11,3,9,4]",4
190412008,"[3,8,1,13,6,12,2,7,10,11,4,9,5]",4
190689208,"[3,8,6,12,4,11,2,7,13,10,5,9,1]",4
190964216,"[3,8,6,12,5,13,2,7,11,10,1,9,4]",4
191134312,"[5,4,6,13,7,11,1,8,10,12,3,9,2]",4
191325568,"[3,7,6,10,4,13,5,8,11,12,1,9,2]",4
191620057,"[4,5,6,10,7,13,3,8,11,12,1,9,2]",4
191760335,"[2,8,4,13,6,11,5,7,12,10,3,9,1]",4
192097950,"[4,6,5,11,7,10,3,8,12,13,1,9,2]",4
192488128,"[1,8,7,11,3,12,2,6,10,13,4,9,5]",4
192805089,"[1,4,6,11,7,13,5,8,12,10,3,9,2]",4
193562854,"[5,6,4,11,7,13,2,8,12,10,3,9,1]",4
193737494,"[1,8,7,10,2,12,6,5,13,11,4,9,3]",4
193933700,"[1,8,7,11,6,13,3,5,10,12,2,9,4]",4
194679354,"[5,8,7,13,2,11,3,6,10,12,1,9,4]",4
194801114,"[5,7,1,11,6,13,4,8,12,10,2,9,3]",4
194980201,"[1,7,3,12,6,11,2,8,13,10,5,9,4]",4
194986071,"[3,8,6,13,1,12,5,7,10,11,4,9,2]",4
195016229,"[3,8,6,13,2,12,5,7,10,11,1,9,4]",4
195176709,"[4,1,6,12,7,10,2,8,11,13,3,9,5]",4
195279879,"[1,8,7,13,6,11,3,5,10,12,4,9,2]",4
196472878,"[4,8,6,12,3,13,5,7,10,11,1,9,2]",4
196513828,"[2,6,3,10,7,12,4,8,13,11,5,9,1]",4
196763321,"[5,8,7,12,3,13,6,4,11,10,2,9,1]",4
197252707,"[1,6,3,10,7,11,4,8,13,12,5,9,2]",4
197279342,"[4,8,7,12,1,11,5,6,10,13,3,9,2]",4
197664395,"[3,8,7,12,2,11,4,6,13,10,1,9,5]",4
197938868,"[2,7,3,13,6,10,5,8,11,12,1,9,4]",4
197979674,"[2,8,6,12,1,11,3,7,13,10,5,9,4]",4
198911455,"[4,8,7,12,3,10,6,1,11,13,2,9,5]",4
199332531,"[1,7,6,11,4,13,5,8,10,12,2,9,3]",4
199701799,"[4,7,2,10,6,13,1,8,11,12,3,9,5]",4
199880499,"[3,8,7,10,6,12,2,5,13,11,4,9,1]",4
200350966,"[2,8,7,10,1,12,4,6,13,11,3,9,5]",4
200430444,"[5,3,6,12,7,13,2,8,11,10,1,9,4]",4
201064258,"[1,2,6,12,7,10,4,8,11,13,5,9,3]",4
201388061,"[2,8,7,10,4,11,6,3,13,12,5,9,1]",4
201595429,"[3,8,7,12,5,11,6,4,10,13,1,9,2]",4
201676289,"[2,8,7,11,4,12,6,3,13,10,1,9,5]",4
201725061,"[1,8,6,10,5,13,4,7,11,12,2,9,3]",4
201747923,"[1,8,7,10,4,12,6,5,11,13,3,9,2]",4
201969051,"[5,7,1,12,6,13,2,8,11,10,3,9,4]",4
202190698,"[2,4,6,12,7,11,5,8,13,10,1,9,3]",4
202269035,"[5,8,1,11,6,12,2,7,13,10,3,9,4]",4
202908422,"[1,8,6,12,2,10,4,7,13,11,5,9,3]",4
203058074,"[2,8,7,11,3,10,6,1,12,13,4,9,5]",4
203327554,"[2,8,6,12,5,13,1,7,10,11,4,9,3]",4
203621459,"[2,7,6,13,5,10,4,8,12,11,1,9,3]",4
203788318,"[2,7,6,10,4,11,1,8,13,12,3,9,5]",4
204001247,"[1,6,4,13,7,11,2,8,12,10,5,9,3]",4
204271506,"[1,6,5,10,7,13,4,8,11,12,2,9,3]",4
204445676,"[3,8,7,10,1,11,4,2,13,12,6,9,5]",4
204702450,"[2,8,7,12,4,10,3,1,11,13,6,9,5]",4
204791247,"[5,8,7,10,6,11,3,1,13,12,4,9,2]",4
204846120,"[3,2,6,11,7,12,1,8,10,13,4,9,5]",4
204861174,"[4,8,7,11,5,13,3,2,12,10,6,9,1]",4
205039108,"[4,7,2,10,6,11,3,8,13,12,5,9,1]",4
205244440,"[2,8,7,13,6,10,4,5,12,11,3,9,1]",4
206131958,"[4,8,6,13,5,12,3,7,10,11,2,9,1]",4
206869156,"[1,8,7,10,6,13,2,3,11,12,5,9,4]",4
206964252,"[1,8,7,12,3,11,6,5,10,13,4,9,2]",4
207208996,"[3,8,7,11,5,12,1,4,13,10,6,9,2]",4
207312951,"[1,8,7,10,4,13,3,5,12,11,6,9,2]",4
207313697,"[1,7,6,11,5,10,3,8,12,13,2,9,4]",4
207402183,"[1,8,2,11,6,12,5,7,10,13,4,9,3]",4
207432977,"[5,6,3,13,7,11,2,8,12,10,1,9,4]",4
207855211,"[3,8,7,13,4,10,6,2,11,12,5,9,1]",4
208023165,"[5,8,7,12,4,13,1,6,10,11,3,9,2]",4
208890781,"[3,8,7,13,2,10,1,4,12,11,6,9,5]",4
209335246,"[2,7,5,13,6,11,3,8,10,12,4,9,1]",4
209835318,"[3,8,7,12,2,10,6,1,11,13,4,9,5]",4
209854172,"[5,8,7,12,1,10,4,6,13,11,3,9,2]",4
210607059,"[2,8,7,11,4,10,5,6,12,13,3,9,1]",4
210624761,"[2,8,7,12,1,10,5,4,13,11,6,9,3]",4
210702701,"[3,8,6,10,1,12,2,7,11,13,5,9,4]",4
210854760,"[4,8,7,13,1,12,5,3,11,10,6,9,2]",4
210995656,"[3,8,7,12,6,13,4,1,11,10,2,9,5]",4
211301180,"[4,7,6,12,1,13,3,8,11,10,2,9,5]",4
211616766,"[3,6,2,12,7,10,4,8,11,13,5,9,1]",4
211664069,"[5,8,7,10,2,13,4,1,12,11,6,9,3]",4
212211361,"[5,8,2,11,6,12,1,7,13,10,3,9,4]",4
212394584,"[3,8,7,12,4,10,6,5,11,13,2,9,1]",4
212395592,"[5,7,6,11,4,13,2,8,10,12,3,9,1]",4
213014538,"[1,8,6,11,2,12,4,7,10,13,5,9,3]",4
213054238,"[1,8,7,10,4,13,3,6,11,12,2,9,5]",4
213325916,"[4,3,6,11,7,12,5,8,13,10,1,9,2]",4
213339847,"[4,7,6,12,3,11,2,8,13,10,5,9,1]",4
213617466,"[2,8,7,10,4,13,5,6,11,12,3,9,1]",4
213982768,"[1,8,7,10,3,11,6,5,13,12,2,9,4]",4
213983265,"[4,7,6,11,5,10,3,8,13,12,1,9,2]",4
214122772,"[3,6,1,11,7,10,4,8,13,12,2,9,5]",4
214557940,"[5,6,2,11,7,12,1,8,13,10,4,9,3]",4
214981268,"[4,7,6,10,2,12,3,8,11,13,1,9,5]",4
215654002,"[3,7,6,10,4,13,2,8,11,12,1,9,5]",4
215678789,"[3,8,7,12,4,13,1,6,11,10,5,9,2]",4
216479442,"[3,1,6,10,7,13,2,8,11,12,4,9,5]",4
216529668,"[5,8,7,12,1,10,6,3,11,13,4,9,2]",4
216544900,"[2,8,7,10,5,13,1,6,11,12,3,9,4]",4
216714890,"[3,8,7,10,1,13,4,6,12,11,5,9,2]",4
216791199,"[5,8,6,11,4,10,1,7,12,13,2,9,3]",4
216984578,"[1,7,6,13,4,12,2,8,10,11,5,9,3]",4
217054968,"[5,4,6,12,7,11,3,8,13,10,1,9,2]",4
217264446,"[4,8,7,10,3,11,2,1,13,12,6,9,5]",4
217278388,"[2,7,5,10,6,11,3,8,12,13,4,9,1]",4
217392415,"[2,8,7,11,3,12,6,1,13,10,4,9,5]",4
217639819,"[2,4,6,11,7,13,1,8,12,10,5,9,3]",4
217711627,"[2,8,1,11,6,10,3,7,12,13,5,9,4]",4
218348694,"[2,8,7,12,6,10,5,3,13,11,1,9,4]",4
218509359,"[1,8,7,12,4,13,2,3,11,10,6,9,5]",4
218560663,"[5,6,2,12,7,11,1,8,13,10,3,9,4]",4
218589248,"[4,7,5,11,6,10,3,8,12,13,1,9,2]",4
219014300,"[3,8,7,12,6,11,2,1,13,10,5,9,4]",4
219156705,"[4,3,6,11,7,12,1,8,10,13,5,9,2]",4
219246737,"[1,8,6,13,4,11,5,7,12,10,3,9,2]",4
219370443,"[5,8,6,10,1,12,3,7,11,13,4,9,2]",4
219411539,"[1,7,6,11,3,12,2,8,10,13,4,9,5]",4
219497420,"[2,7,6,13,5,10,3,8,11,12,4,9,1]",4
219529729,"[4,7,6,11,2,12,5,8,13,10,1,9,3]",4
219698381,"[2,8,7,12,3,13,5,6,10,11,1,9,4]",4
219826697,"[4,7,6,12,1,11,5,8,10,13,3,9,2]",4
220245165,"[4,8,7,12,3,13,2,5,10,11,6,9,1]",4
220534348,"[4,8,7,11,5,12,3,6,13,10,2,9,1]",4
220556147,"[5,8,4,13,6,12,3,7,11,10,2,9,1]",4
220948032,"[1,6,5,12,7,13,3,8,10,11,2,9,4]",4
221063617,"[1,8,7,13,5,10,3,4,11,12,6,9,2]",4
221148225,"[1,6,5,13,7,11,2,8,10,12,4,9,3]",4
221401632,"[1,6,3,13,7,11,2,8,12,10,5,9,4]",4
221536847,"[1,7,6,11,2,12,5,8,10,13,3,9,4]",4
221818127,"[2,7,3,11,6,13,4,8,10,12,5,9,1]",4
221995174,"[2,7,1,13,6,11,5,8,12,10,4,9,3]",4
222086485,"[4,7,6,13,2,11,1,8,10,12,5,9,3]",4
222147145,"[5,8,7,12,4,10,6,3,13,11,2,9,1]",4
222248649,"[3,2,6,11,7,10,1,8,13,12,4,9,5]",4
222306552,"[4,7,1,12,6,11,3,8,13,10,5,9,2]",4
222509986,"[3,8,7,10,4,12,6,5,11,13,2,9,1]",4
222848546,"[4,7,3,13,6,11,5,8,10,12,2,9,1]",4
222849588,"[5,6,4,11,7,10,1,8,13,12,3,9,2]",4
223417134,"[2,8,4,13,6,10,5,7,11,12,3,9,1]",4
223489910,"[4,7,5,11,6,12,2,8,10,13,1,9,3]",4
223757870,"[2,8,7,12,4,11,1,3,10,13,6,9,5]",4
224263354,"[2,8,7,12,4,10,5,1,11,13,6,9,3]",4
225145656,"[1,8,7,10,4,12,3,2,13,11,6,9,5]",4
225195629,"[3,8,1,12,6,10,5,7,11,13,2,9,4]",4
225229967,"[4,7,3,11,6,13,5,8,12,10,1,9,2]",4
225315401,"[2,7,6,12,1,13,5,8,10,11,4,9,3]",4
225362589,"[2,8,7,12,1,13,4,3,10,11,6,9,5]",4
225401561,"[4,8,7,13,3,12,1,6,11,10,5,9,2]",4
225452718,"[1,8,2,12,6,13,3,7,10,11,5,9,4]",4
225664849,"[4,2,6,11,7,13,5,8,10,12,3,9,1]",4
225674594,"[1,8,7,12,5,10,4,6,13,11,3,9,2]",4
225952536,"[2,6,1,11,7,13,4,8,12,10,3,9,5]",4
226260934,"[1,6,3,12,7,11,2,8,10,13,5,9,4]",4
226403796,"[2,8,3,10,6,12,4,7,11,13,1,9,5]",4
226438758,"[1,8,6,13,5,10,2,7,11,12,4,9,3]",4
226553659,"[2,8,5,11,6,10,3,7,12,13,1,9,4]",4
226616173,"[1,8,7,10,4,13,3,2,11,12,6,9,5]",4
226690510,"[1,8,7,12,6,10,4,3,11,13,5,9,2]",4
226711998,"[5,6,2,10,7,13,4,8,12,11,3,9,1]",4
226924983,"[2,8,7,11,6,10,5,4,13,12,1,9,3]",4
227037204,"[5,8,7,13,2,10,6,4,11,12,1,9,3]",4
227339727,"[3,6,1,11,7,10,5,8,13,12,2,9,4]",4
227881358,"[3,1,6,10,7,11,2,8,12,13,5,9,4]",4
228095665,"[3,8,4,13,6,12,1,7,10,11,5,9,2]",4
228308612,"[3,8,6,12,4,13,2,7,10,11,1,9,5]",4
228575771,"[5,8,7,13,6,12,4,1,11,10,2,9,3]",4
228807715,"[4,6,5,10,7,11,1,8,12,13,3,9,2]",4
228907664,"[4,7,6,10,3,12,5,8,11,13,1,9,2]",4
229042507,"[3,8,6,12,2,13,4,7,10,11,5,9,1]",4
229082352,"[2,6,1,12,7,11,5,8,13,10,4,9,3]",4
229148662,"[5,8,7,10,2,11,1,6,13,12,4,9,3]",4
229216655,"[2,8,7,10,1,12,6,3,13,11,5,9,4]",4
229217698,"[5,8,7,13,1,12,4,6,11,10,2,9,3]",4
229249141,"[4,6,5,12,7,13,3,8,11,10,1,9,2]",4
229266235,"[3,8,7,13,4,10,5,2,11,12,6,9,1]",4
229306978,"[4,8,6,12,5,11,3,7,10,13,2,9,1]",4
229485052,"[3,8,2,13,6,12,1,7,10,11,4,9,5]",4
229624072,"[5,8,3,13,6,10,1,7,12,11,4,9,2]",4
229659454,"[4,8,7,12,2,11,6,5,13,10,1,9,3]",4
229706924,"[2,5,6,12,7,13,4,8,11,10,1,9,3]",4
229823738,"[3,6,5,11,7,10,2,8,12,13,1,9,4]",4
229829982,"[3,1,6,11,7,13,5,8,10,12,2,9,4]",4
230340724,"[1,8,6,10,5,13,3,7,12,11,4,9,2]",4
230451821,"[1,3,6,11,7,13,4,8,10,12,2,9,5]",4
231135430,"[5,8,7,11,6,13,2,4,10,12,3,9,1]",4
231164072,"[1,7,6,13,3,11,4,8,12,10,5,9,2]",4
231250990,"[1,8,6,11,2,13,3,7,12,10,4,9,5]",4
231270968,"[1,8,6,11,4,12,5,7,13,10,3,9,2]",4
231729348,"[4,8,6,11,3,13,5,7,10,12,1,9,2]",4
231947736,"[1,3,6,11,7,10,5,8,13,12,4,9,2]",4
231996054,"[5,7,1,13,6,12,2,8,10,11,3,9,4]",4
231998702,"[1,8,7,12,5,10,3,2,13,11,6,9,4]",4
232800956,"[2,8,7,12,4,11,6,3,10,13,5,9,1]",4
233594846,"[3,8,7,11,6,10,4,1,12,13,2,9,5]",4
233623977,"[4,8,1,11,6,10,5,7,12,13,2,9,3]",4
233635928,"[2,8,6,11,1,10,3,7,12,13,4,9,5]",4
233682816,"[1,7,6,10,3,12,2,8,11,13,4,9,5]",4
234098308,"[3,8,7,10,5,12,2,1,13,11,6,9,4]",4
234126893,"[5,8,7,11,4,10,6,2,12,13,1,9,3]",4
234193929,"[5,8,7,10,1,12,4,2,13,11,6,9,3]",4
234233523,"[4,7,1,12,6,11,3,8,13,10,2,9,5]",4
234704557,"[1,6,2,10,7,13,3,8,11,12,4,9,5]",4
235194466,"[2,7,4,11,6,12,3,8,10,13,1,9,5]",4
235416949,"[2,6,1,12,7,13,4,8,10,11,5,9,3]",4
235855934,"[3,8,6,12,1,11,4,7,10,13,5,9,2]",4
235867470,"[1,8,7,12,5,10,3,6,11,13,2,9,4]",4
235872039,"[5,7,4,11,6,13,3,8,12,10,1,9,2]",4
235956575,"[3,8,7,11,4,10,2,6,13,12,1,9,5]",4
236136867,"[2,8,7,11,6,13,4,5,10,12,1,9,3]",4
236374917,"[4,8,7,13,6,12,3,1,11,10,2,9,5]",4
237234230,"[1,8,6,10,4,11,3,7,12,13,2,9,5]",4
237269699,"[2,8,6,10,1,12,5,7,11,13,4,9,3]",4
237373005,"[3,7,6,13,5,11,4,8,12,10,1,9,2]",4
237456358,"[5,7,4,13,6,12,1,8,11,10,2,9,3]",4
237895162,"[5,8,7,10,2,13,6,4,12,11,3,9,1]",4
237935698,"[3,8,7,12,4,11,6,2,13,10,5,9,1]",4
238018511,"[5,8,6,10,1,13,2,7,12,11,4,9,3]",4
238075479,"[2,8,7,12,4,10,5,6,11,13,3,9,1]",4
238249178,"[1,8,7,11,5,13,2,4,10,12,6,9,3]",4
238810963,"[4,8,7,13,1,10,3,5,12,11,6,9,2]",4
239112353,"[1,8,7,12,6,11,5,4,10,13,2,9,3]",4
239399915,"[2,3,6,12,7,11,5,8,13,10,4,9,1]",4
239455121,"[1,8,7,10,3,11,2,6,13,12,4,9,5]",4
239750773,"[5,2,6,12,7,13,1,8,10,11,3,9,4]",4
239790429,"[1,8,7,11,6,12,4,2,10,13,5,9,3]",4
239980766,"[5,8,6,11,2,13,1,7,10,12,4,9,3]",4
239989489,"[3,6,2,13,7,12,5,8,11,10,1,9,4]",4
239992338,"[5,6,4,10,7,12,2,8,13,11,3,9,1]",4
240261238,"[2,8,7,12,6,13,4,1,10,11,3,9,5]",4
240338736,"[1,7,2,13,6,11,3,8,10,12,5,9,4]",4
240707980,"[1,8,7,12,6,11,5,3,13,10,4,9,2]",4
241062262,"[3,4,6,13,7,11,5,8,12,10,1,9,2]",4
241649444,"[2,8,7,12,5,13,1,6,10,11,4,9,3]",4
242464426,"[5,8,3,13,6,11,1,7,10,12,4,9,2]",4
242514436,"[4,8,7,13,2,11,6,3,12,10,5,9,1]",4
243053500,"[5,8,7,13,4,10,1,6,12,11,3,9,2]",4
243479240,"[4,8,7,11,5,10,1,6,12,13,2,9,3]",4
244203991,"[5,8,7,13,3,10,6,1,12,11,2,9,4]",4
244421982,"[2,8,5,10,6,11,4,7,13,12,3,9,1]",4
244576875,"[1,6,5,11,7,12,3,8,13,10,2,9,4]",4
244588662,"[1,6,3,13,7,11,2,8,10,12,5,9,4]",4
244623820,"[1,7,6,12,5,11,4,8,13,10,3,9,2]",4
244650494,"[1,7,5,13,6,11,4,8,10,12,2,9,3]",4
244704196,"[5,2,6,13,7,12,3,8,10,11,4,9,1]",4
245119119,"[2,6,4,11,7,10,5,8,13,12,1,9,3]",4
245130666,"[4,8,7,13,3,12,2,5,10,11,6,9,1]",4
245135340,"[4,7,6,10,2,12,5,8,11,13,3,9,1]",4
245748334,"[2,8,6,13,3,11,1,7,12,10,4,9,5]",4
245762304,"[5,6,3,12,7,10,4,8,13,11,2,9,1]",4
245924814,"[4,8,3,11,6,12,5,7,10,13,2,9,1]",4
245990357,"[3,8,2,10,6,12,4,7,13,11,5,9,1]",4
246012321,"[5,8,7,11,1,13,6,2,12,10,3,9,4]",4
246084370,"[5,2,6,13,7,11,1,8,12,10,3,9,4]",4
246256886,"[5,8,4,11,6,10,3,7,12,13,2,9,1]",4
246579040,"[2,8,7,11,3,13,5,4,10,12,6,9,1]",4
246944434,"[4,1,6,11,7,10,3,8,13,12,2,9,5]",4
247103910,"[3,7,6,13,1,10,4,8,11,12,5,9,2]",4
247259976,"[4,8,7,13,1,10,6,3,12,11,5,9,2]",4
247280701,"[5,8,7,12,4,10,3,6,13,11,2,9,1]",4
247299025,"[4,7,6,10,5,13,3,8,11,12,1,9,2]",4
247701792,"[2,8,7,12,4,10,5,6,13,11,1,9,3]",4
248040171,"[4,7,6,11,2,10,3,8,13,12,5,9,1]",4
248186064,"[3,7,6,12,2,10,5,8,11,13,4,9,1]",4
248551993,"[1,8,6,11,4,13,3,7,12,10,5,9,2]",4
248836297,"[1,8,7,12,4,11,3,5,13,10,6,9,2]",4
248842924,"[5,8,7,12,3,10,2,6,13,11,1,9,4]",4
249069761,"[5,8,6,11,1,12,3,7,10,13,2,9,4]",4
249276346,"[1,8,7,13,6,12,4,5,11,10,3,9,2]",4
249469553,"[1,8,6,10,5,13,2,7,12,11,3,9,4]",4
249770527,"[2,7,6,10,5,11,4,8,13,12,1,9,3]",4
249829380,"[5,8,7,12,3,13,1,4,11,10,6,9,2]",4
249860172,"[2,8,7,13,1,11,5,6,10,12,3,9,4]",4
249995315,"[1,8,7,11,2,12,6,5,10,13,4,9,3]",4
250184978,"[4,8,7,10,3,12,5,2,13,11,6,9,1]",4
250440570,"[5,8,7,13,6,11,1,4,12,10,3,9,2]",4
251000103,"[1,8,7,12,6,11,4,5,13,10,3,9,2]",4
251224384,"[2,6,1,11,7,10,4,8,13,12,3,9,5]",4
251309994,"[3,8,7,11,2,13,5,4,12,10,6,9,1]",4
251364262,"[1,8,7,13,6,10,2,5,12,11,3,9,4]",4
251716924,"[4,8,7,10,5,13,2,1,11,12,6,9,3]",4
251968048,"[3,7,2,12,6,11,4,8,10,13,5,9,1]",4
252212433,"[2,8,7,13,5,10,1,3,11,12,6,9,4]",4
252761077,"[1,8,7,10,4,11,6,5,12,13,2,9,3]",4
252843992,"[4,6,2,10,7,13,1,8,12,11,5,9,3]",4
252913199,"[2,5,6,12,7,11,4,8,10,13,1,9,3]",4
253123095,"[4,8,7,11,6,12,1,5,10,13,2,9,3]",4
253198639,"[4,8,7,10,2,13,6,1,11,12,5,9,3]",4
253439420,"[5,6,3,13,7,12,4,8,10,11,1,9,2]",4
253562524,"[4,7,2,13,6,12,1,8,11,10,3,9,5]",4
253576408,"[4,7,6,12,3,11,2,8,13,10,1,9,5]",4
253955726,"[3,7,6,12,2,11,5,8,13,10,1,9,4]",4
254326961,"[5,8,7,12,6,13,3,1,11,10,4,9,2]",4
254978068,"[1,8,7,12,5,11,2,3,13,10,6,9,4]",4
255019308,"[5,7,6,12,2,11,1,8,10,13,3,9,4]",4
255501822,"[1,7,5,13,6,12,4,8,10,11,3,9,2]",4
255635483,"[1,8,7,11,6,10,2,4,12,13,5,9,3]",4
255988672,"[4,8,7,13,5,10,6,3,11,12,2,9,1]",4
256162451,"[4,7,5,10,6,13,3,8,12,11,1,9,2]",4
256221988,"[4,8,7,11,5,10,6,2,13,12,1,9,3]",4
256369445,"[4,8,6,11,3,10,2,7,13,12,1,9,5]",4
256487374,"[2,1,6,13,7,11,5,8,12,10,3,9,4]",4
257014850,"[3,8,7,12,1,10,6,5,13,11,2,9,4]",4
257040331,"[4,7,6,11,5,10,1,8,13,12,3,9,2]",4
257217538,"[2,8,7,12,6,10,5,1,13,11,4,9,3]",4
257459534,"[1,3,6,10,7,12,4,8,13,11,2,9,5]",4
257983353,"[4,7,1,12,6,13,5,8,10,11,3,9,2]",4
258018665,"[4,7,6,10,2,11,5,8,13,12,1,9,3]",4
258495440,"[4,7,6,10,3,11,2,8,13,12,5,9,1]",4
258786912,"[5,3,6,12,7,13,2,8,11,10,1,9,4]",4
258846023,"[1,8,7,11,2,10,6,4,12,13,3,9,5]",4
258952289,"[3,7,2,13,6,10,5,8,12,11,1,9,4]",4
258957711,"[2,8,7,11,5,13,1,6,12,10,4,9,3]",4
259226254,"[3,8,7,11,1,13,4,6,12,10,5,9,2]",4
259240127,"[2,8,6,13,1,10,3,7,12,11,5,9,4]",4
259819710,"[3,8,7,10,2,13,4,6,12,11,1,9,5]",4
260307543,"[4,7,6,11,5,10,2,8,12,13,1,9,3]",4
260365544,"[4,8,7,12,1,10,6,3,13,11,2,9,5]",4
260520106,"[2,8,7,11,4,12,1,5,13,10,6,9,3]",4
260524818,"[3,8,7,11,6,12,4,2,13,10,1,9,5]",4
260754610,"[4,6,1,10,7,11,3,8,12,13,2,9,5]",4
260916133,"[1,7,3,10,6,13,5,8,11,12,4,9,2]",4
261543421,"[2,5,6,12,7,13,1,8,11,10,3,9,4]",4
261589958,"[1,8,2,11,6,12,5,7,13,10,3,9,4]",4
261797441,"[4,7,6,12,5,10,2,8,11,13,1,9,3]",4
261936072,"[3,8,7,13,6,12,1,5,10,11,2,9,4]",4
262110761,"[1,6,4,10,7,11,3,8,13,12,2,9,5]",4
262235990,"[5,8,7,10,6,12,4,2,13,11,1,9,3]",4
262249538,"[2,8,7,10,5,13,6,1,11,12,4,9,3]",4
262967191,"[1,8,7,10,5,12,6,3,11,13,4,9,2]",4
263162989,"[3,8,7,12,1,13,6,2,10,11,5,9,4]",4
263185033,"[4,8,3,13,6,12,5,7,11,10,1,9,2]",4
263206570,"[4,3,6,12,7,13,2,8,11,10,1,9,5]",4
263329514,"[4,3,6,13,7,11,5,8,10,12,2,9,1]",4
263439010,"[5,8,7,12,6,11,2,1,13,10,4,9,3]",4
263450860,"[3,8,6,11,2,10,4,7,12,13,5,9,1]",4
263514250,"[4,6,5,11,7,10,3,8,12,13,1,9,2]",4
263775544,"[2,7,6,12,1,10,3,8,11,13,4,9,5]",4
264178928,"[4,1,6,13,7,11,3,8,10,12,5,9,2]",4
264550809,"[4,6,2,11,7,12,1,8,13,10,3,9,5]",4
264587227,"[1,7,6,10,3,11,5,8,12,13,2,9,4]",4
264654464,"[1,5,6,11,7,10,3,8,12,13,4,9,2]",4
264656556,"[5,8,7,10,2,11,6,1,13,12,3,9,4]",4
264930068,"[3,6,4,11,7,10,1,8,12,13,5,9,2]",4
265423307,"[5,8,2,13,6,12,4,7,11,10,3,9,1]",4
265578652,"[3,7,6,11,5,10,1,8,12,13,4,9,2]",4
265738606,"[5,8,6,10,2,11,3,7,13,12,1,9,4]",4
266232452,"[3,8,7,13,6,12,4,1,11,10,2,9,5]",4
266286611,"[4,8,7,13,1,12,3,6,10,11,5,9,2]",4
266395321,"[3,7,1,11,6,12,4,8,10,13,5,9,2]",4
266471428,"[4,6,2,10,7,13,1,8,12,11,3,9,5]",4
266630130,"[5,8,3,12,6,13,2,7,11,10,4,9,1]",4
266769672,"[1,6,3,12,7,11,2,8,13,10,4,9,5]",4
267064379,"[5,7,2,13,6,12,3,8,11,10,1,9,4]",4
267104339,"[4,8,7,10,6,13,2,3,11,12,1,9,5]",4
267120572,"[2,7,5,10,6,11,4,8,12,13,3,9,1]",4
267205193,"[3,8,7,12,5,11,1,6,13,10,2,9,4]",4
267276680,"[3,7,6,13,1,11,2,8,12,10,4,9,5]",4
268169073,"[3,7,6,12,2,11,4,8,13,10,1,9,5]",4
268652013,"[5,7,2,11,6,13,3,8,12,10,4,9,1]",4
268698607,"[2,8,7,10,4,13,1,6,12,11,5,9,3]",4
268837054,"[2,3,6,12,7,13,5,8,11,10,4,9,1]",4
268932724,"[2,7,4,11,6,13,1,8,12,10,5,9,3]",4
269102607,"[3,8,7,13,1,12,6,5,11,10,4,9,2]",4
269237080,"[2,8,7,11,6,10,5,1,12,13,3,9,4]",4
269354776,"[1,8,7,11,6,10,3,4,13,12,2,9,5]",4
269368809,"[1,8,7,13,2,11,3,5,12,10,6,9,4]",4
269415160,"[4,8,2,11,6,12,5,7,10,13,1,9,3]",4
269630420,"[5,6,3,13,7,11,4,8,12,10,1,9,2]",4
269688649,"[3,8,7,12,1,10,6,5,11,13,2,9,4]",4
269945641,"[1,8,7,13,2,11,6,5,12,10,3,9,4]",4
270020226,"[2,8,7,13,4,10,6,1,11,12,5,9,3]",4
270399193,"[1,4,6,11,7,10,3,8,13,12,2,9,5]",4
270452211,"[5,8,1,13,6,12,4,7,10,11,3,9,2]",4
270865874,"[4,6,1,10,7,12,5,8,11,13,2,9,3]",4
271418270,"[5,8,7,10,1,12,2,6,11,13,3,9,4]",4
271520056,"[5,7,3,13,6,12,2,8,10,11,4,9,1]",4
271740974,"[5,7,4,13,6,10,1,8,12,11,3,9,2]",4
271930142,"[3,7,4,12,6,13,5,8,10,11,2,9,1]",4
272022023,"[3,8,7,10,5,11,4,2,13,12,6,9,1]",4
272222710,"[2,6,5,11,7,10,1,8,13,12,4,9,3]",4
272310522,"[5,8,4,12,6,10,1,7,13,11,3,9,2]",4
272378037,"[5,7,6,11,2,13,4,8,10,12,1,9,3]",4
272904586,"[2,6,5,11,7,13,3,8,10,12,1,9,4]",4
273987329,"[2,5,6,13,7,11,4,8,12,10,3,9,1]",4
274020106,"[5,7,6,12,1,11,4,8,13,10,3,9,2]",4
274172183,"[4,8,6,12,1,13,2,7,10,11,3,9,5]",4
274336595,"[4,8,7,10,2,11,5,3,12,13,6,9,1]",4
275142679,"[5,8,7,10,3,13,6,1,12,11,2,9,4]",4
275354585,"[4,8,7,11,2,10,1,5,12,13,6,9,3]",4
275399867,"[2,1,6,12,7,11,5,8,13,10,4,9,3]",4
275532981,"[2,8,7,13,4,11,5,1,12,10,6,9,3]",4
275886181,"[2,8,6,10,1,13,5,7,11,12,4,9,3]",4
276284557,"[5,7,6,10,2,11,3,8,12,13,4,9,1]",4
276556954,"[5,8,7,10,3,12,6,2,11,13,4,9,1]",4
276641960,"[5,8,7,11,6,13,1,4,10,12,2,9,3]",4
276661333,"[4,7,6,13,3,11,2,8,10,12,5,9,1]",4
276838519,"[4,6,3,13,7,11,2,8,10,12,5,9,1]",4
277119416,"[2,1,6,10,7,11,5,8,12,13,4,9,3]",4
277195350,"[3,8,7,11,2,10,6,4,12,13,5,9,1]",4
277399856,"[4,3,6,11,7,10,1,8,13,12,5,9,2]",4
277482004,"[1,8,7,13,4,10,5,3,12,11,6,9,2]",4
277518291,"[4,8,7,11,5,12,3,2,10,13,6,9,1]",4
277663527,"[5,7,2,10,6,13,3,8,12,11,1,9,4]",4
277766184,"[5,8,7,10,1,12,6,3,13,11,2,9,4]",4
277945384,"[1,8,7,10,6,13,2,4,11,12,5,9,3]",4
277975743,"[3,8,7,11,6,13,5,1,10,12,4,9,2]",4
278007518,"[2,8,7,12,1,11,4,6,13,10,5,9,3]",4
278241299,"[4,7,2,10,6,12,3,8,13,11,5,9,1]",4
278273336,"[2,8,7,13,1,10,3,5,12,11,6,9,4]",4
278471553,"[5,6,2,10,7,13,1,8,11,12,3,9,4]",4
278968815,"[1,8,7,10,4,12,2,5,13,11,6,9,3]",4
279323667,"[4,8,7,12,6,13,2,5,11,10,1,9,3]",4
279456600,"[1,8,7,12,5,11,6,4,10,13,2,9,3]",4
279819782,"[1,8,7,11,6,10,3,5,13,12,2,9,4]",4
280298321,"[5,8,7,10,6,11,1,3,12,13,4,9,2]",4
280357772,"[5,8,7,11,2,13,6,3,12,10,4,9,1]",4
280475674,"[5,8,3,12,6,13,4,7,11,10,1,9,2]",4
281177754,"[1,3,6,12,7,13,2,8,10,11,4,9,5]",4
281261940,"[2,8,7,13,1,10,5,6,12,11,4,9,3]",4
281474786,"[3,8,1,10,6,11,4,7,13,12,5,9,2]",4
282556507,"[3,8,7,11,5,12,2,4,13,10,6,9,1]",4
282774367,"[5,8,7,11,2,10,1,4,12,13,6,9,3]",4
283177853,"[3,4,6,13,7,11,2,8,10,12,5,9,1]",4
283632250,"[1,6,5,13,7,10,2,8,12,11,4,9,3]",4
283900053,"[1,8,7,12,2,11,5,6,13,10,4,9,3]",4
283987124,"[1,8,7,12,6,11,4,2,13,10,5,9,3]",4
284298101,"[3,6,5,10,7,12,4,8,11,13,1,9,2]",4
284567945,"[2,8,7,11,3,10,6,1,12,13,4,9,5]",4
285233180,"[5,1,6,12,7,10,3,8,13,11,2,9,4]",4
285634105,"[1,5,6,13,7,11,3,8,12,10,4,9,2]",4
285777393,"[1,8,7,12,5,13,2,6,10,11,4,9,3]",4
285794093,"[2,8,4,12,6,10,1,7,13,11,3,9,5]",4
285849675,"[3,7,6,13,2,12,4,8,10,11,5,9,1]",4
285932298,"[4,7,3,10,6,13,1,8,12,11,5,9,2]",4
286048014,"[3,8,5,10,6,12,2,7,11,13,1,9,4]",4
286095635,"[3,7,5,13,6,11,1,8,12,10,4,9,2]",4
286111690,"[2,5,6,10,7,11,1,8,13,12,4,9,3]",4
286401331,"[3,7,6,11,5,12,1,8,13,10,2,9,4]",4
286526351,"[5,6,1,10,7,12,3,8,11,13,2,9,4]",4
286581063,"[4,8,7,11,6,13,1,2,10,12,5,9,3]",4
287969034,"[5,8,7,12,6,11,3,2,13,10,4,9,1]",4
287978365,"[1,8,7,10,2,13,4,5,11,12,6,9,3]",4
288059302,"[1,8,7,12,4,10,6,2,11,13,5,9,3]",4
288488874,"[4,8,7,13,1,11,2,6,12,10,5,9,3]",4
288929195,"[3,8,7,10,2,13,4,6,12,11,5,9,1]",4
288981906,"[4,8,7,10,1,13,2,3,11,12,6,9,5]",4
288988450,"[5,8,7,11,2,10,6,3,13,12,1,9,4]",4
289172051,"[4,6,3,10,7,12,1,8,11,13,5,9,2]",4
289351962,"[2,8,7,13,4,12,3,1,10,11,6,9,5]",4
289554090,"[3,8,7,11,5,10,1,2,13,12,6,9,4]",4
289712039,"[3,8,6,13,4,10,2,7,11,12,1,9,5]",4
289735785,"[4,8,7,12,2,13,6,1,11,10,3,9,5]",4
289964404,"[4,7,1,10,6,12,5,8,11,13,3,9,2]",4
290031654,"[3,8,7,10,6,11,2,4,12,13,1,9,5]",4
290100615,"[3,1,6,10,7,13,2,8,11,12,5,9,4]",4
290535269,"[4,7,1,11,6,10,2,8,12,13,5,9,3]",4
290646671,"[3,8,6,11,2,13,1,7,12,10,4,9,5]",4
291023260,"[1,8,5,11,6,10,4,7,13,12,2,9,3]",4
291097240,"[3,8,7,13,5,11,6,4,12,10,1,9,2]",4
291104745,"[2,8,1,12,6,11,4,7,13,10,5,9,3]",4
291365044,"[2,8,6,12,1,11,4,7,10,13,3,9,5]",4
291409144,"[3,8,7,11,5,12,2,4,10,13,6,9,1]",4
291530036,"[1,8,6,13,2,12,3,7,11,10,5,9,4]",4
291538007,"[4,6,5,13,7,10,2,8,11,12,1,9,3]",4
291741953,"[4,5,6,13,7,12,3,8,11,10,2,9,1]",4
292238786,"[4,7,3,11,6,12,2,8,10,13,1,9,5]",4
292672928,"[4,8,7,12,1,10,6,2,11,13,5,9,3]",4
292830822,"[5,7,2,11,6,12,1,8,13,10,3,9,4]",4
292927542,"[3,7,6,10,1,12,2,8,13,11,4,9,5]",4
293396950,"[4,8,7,12,1,13,2,6,10,11,3,9,5]",4
293544355,"[3,8,7,13,2,11,1,4,12,10,6,9,5]",4
294848057,"[4,3,6,11,7,13,2,8,10,12,1,9,5]",4
294966055,"[2,7,1,11,6,12,4,8,13,10,3,9,5]",4
295033364,"[5,7,6,13,3,11,4,8,12,10,1,9,2]",4
295268589,"[4,8,7,13,2,11,1,6,12,10,5,9,3]",4
296145004,"[3,6,1,13,7,12,4,8,11,10,2,9,5]",4
296173201,"[2,8,1,10,6,12,4,7,11,13,3,9,5]",4
296736756,"[1,8,7,11,2,12,5,3,13,10,6,9,4]",4
296784457,"[3,7,6,10,2,11,5,8,13,12,4,9,1]",4
296994111,"[5,8,7,13,3,11,1,6,10,12,4,9,2]",4
297312851,"[2,8,7,13,3,10,5,6,12,11,4,9,1]",4
297580190,"[1,7,6,11,4,13,3,8,12,10,2,9,5]",4
297676708,"[1,8,2,13,6,10,5,7,11,12,3,9,4]",4
297998028,"[5,7,4,13,6,11,2,8,12,10,1,9,3]",4
298039664,"[2,6,3,13,7,12,1,8,11,10,4,9,5]",4
298233093,"[4,8,7,10,1,11,3,6,12,13,5,9,2]",4
298405605,"[4,8,7,11,1,12,6,3,10,13,2,9,5]",4
298420623,"[1,7,6,10,3,13,4,8,11,12,2,9,5]",4
298664229,"[3,8,7,12,2,10,6,4,13,11,5,9,1]",4
298830692,"[3,7,6,12,4,11,5,8,13,10,2,9,1]",4
299005710,"[1,6,2,12,7,11,5,8,13,10,4,9,3]",4
299567996,"[5,6,4,12,7,11,3,8,13,10,1,9,2]",4
299686122,"[5,6,2,13,7,12,3,8,11,10,1,9,4]",4
300007377,"[4,6,2,10,7,11,5,8,12,13,3,9,1]",4
300244545,"[3,6,4,11,7,13,2,8,12,10,5,9,1]",4
300296822,"[1,8,7,11,6,10,2,5,13,12,3,9,4]",4
300731109,"[1,8,7,12,5,13,4,6,11,10,2,9,3]",4
300940764,"[2,8,7,11,4,10,1,3,13,12,6,9,5]",4
300975527,"[1,6,4,10,7,13,2,8,12,11,5,9,3]",4
301093983,"[2,7,4,12,6,10,3,8,11,13,5,9,1]",4
301353383,"[5,6,1,13,7,10,4,8,11,12,2,9,3]",4
302019028,"[3,7,2,11,6,12,4,8,13,10,1,9,5]",4
302415382,"[4,8,7,13,1,10,3,6,12,11,5,9,2]",4
302597885,"[5,8,1,12,6,11,2,7,10,13,3,9,4]",4
303298738,"[1,8,7,13,3,10,4,5,12,11,6,9,2]",4
303665747,"[2,7,6,10,1,13,3,8,11,12,4,9,5]",4
303776048,"[3,8,7,12,6,13,1,2,11,10,5,9,4]",4
304152581,"[3,8,7,11,4,13,6,1,10,12,2,9,5]",4
304157507,"[3,7,6,13,1,12,5,8,10,11,4,9,2]",4
304408540,"[3,4,6,11,7,13,2,8,12,10,5,9,1]",4
304860629,"[2,8,7,13,4,11,6,3,12,10,1,9,5]",4
305090642,"[4,8,7,12,1,10,6,2,11,13,5,9,3]",4
305279741,"[3,8,5,12,6,11,1,7,10,13,4,9,2]",4
305330227,"[5,6,2,11,7,13,4,8,10,12,3,9,1]",4
305442357,"[4,8,7,12,2,10,5,6,11,13,1,9,3]",4
305551485,"[2,7,6,12,5,11,3,8,13,10,1,9,4]",4
305611798,"[2,8,7,10,1,12,6,4,11,13,3,9,5]",4
305618331,"[1,7,3,12,6,11,4,8,13,10,2,9,5]",4
305859123,"[4,8,7,13,6,12,3,2,10,11,5,9,1]",4
305881205,"[1,8,7,11,2,12,4,5,13,10,6,9,3]",4
305982793,"[2,7,6,10,4,11,3,8,12,13,1,9,5]",4
306362930,"[4,8,2,10,6,13,3,7,11,12,5,9,1]",4
306484619,"[5,7,6,11,4,12,3,8,10,13,2,9,1]",4
306502212,"[1,8,7,12,2,13,4,6,11,10,5,9,3]",4
306754045,"[1,8,7,10,6,11,3,2,13,12,4,9,5]",4
307146262,"[4,8,6,12,2,11,3,7,13,10,5,9,1]",4
307168565,"[1,8,6,13,3,11,2,7,10,12,4,9,5]",4
307195558,"[3,8,1,12,6,13,2,7,11,10,5,9,4]",4
307439000,"[5,8,7,13,6,12,2,1,10,11,3,9,4]",4
307589566,"[2,1,6,13,7,12,4,8,10,11,3,9,5]",4
307701469,"[5,6,2,13,7,10,3,8,11,12,1,9,4]",4
307847613,"[2,8,6,11,1,13,4,7,10,12,5,9,3]",4
308025904,"[1,8,6,12,5,13,3,7,10,11,2,9,4]",4
308443150,"[1,6,3,11,7,10,4,8,12,13,2,9,5]",4
308872667,"[1,8,5,11,6,12,2,7,10,13,3,9,4]",4
308902343,"[1,8,7,11,3,13,6,4,10,12,5,9,2]",4
309447121,"[1,8,7,12,2,11,6,4,13,10,5,9,3]",4
309638067,"[4,7,6,10,5,11,3,8,12,13,1,9,2]",4
309698751,"[5,2,6,11,7,12,3,8,13,10,1,9,4]",4
309943636,"[5,8,7,12,6,10,2,4,11,13,3,9,1]",4
310229095,"[2,8,3,13,6,12,1,7,11,10,4,9,5]",4
310317660,"[2,7,3,13,6,10,5,8,12,11,4,9,1]",4
310326060,"[4,8,7,11,6,13,3,2,10,12,1,9,5]",4
310442172,"[3,4,6,13,7,10,5,8,11,12,2,9,1]",4
310536406,"[1,8,7,11,3,10,5,2,12,13,6,9,4]",4
310981888,"[5,7,6,13,1,12,4,8,11,10,3,9,2]",4
311173979,"[1,8,7,12,6,13,4,5,11,10,3,9,2]",4
311185267,"[5,8,2,10,6,11,3,7,13,12,1,9,4]",4
311892385,"[5,7,2,10,6,13,4,8,12,11,3,9,1]",4
312087398,"[5,8,2,13,6,11,4,7,12,10,3,9,1]",4
312204518,"[1,8,7,10,4,12,6,2,11,13,3,9,5]",4
312317977,"[1,7,6,12,5,10,4,8,13,11,3,9,2]",4
312378182,"[4,8,7,13,3,11,2,6,10,12,1,9,5]",4
312401628,"[3,7,1,10,6,13,4,8,11,12,2,9,5]",4
312406296,"[4,8,3,13,6,12,2,7,11,10,1,9,5]",4
312592062,"[1,5,6,10,7,11,2,8,12,13,3,9,4]",4
312604607,"[2,8,7,11,6,12,5,3,13,10,1,9,4]",4
312638855,"[5,1,6,11,7,13,2,8,10,12,3,9,4]",4
312900407,"[4,8,6,11,5,13,2,7,12,10,3,9,1]",4
313001299,"[3,7,6,12,5,10,2,8,13,11,4,9,1]",4
313453603,"[2,8,4,10,6,12,5,7,13,11,1,9,3]",4
313700684,"[2,6,1,10,7,11,5,8,12,13,3,9,4]",4
313766202,"[4,8,7,11,5,12,2,3,13,10,6,9,1]",4
313835150,"[3,7,6,10,1,12,2,8,13,11,4,9,5]",4
314213683,"[3,8,6,12,5,13,2,7,10,11,1,9,4]",4
314364210,"[2,8,5,10,6,11,4,7,13,12,3,9,1]",4
314575172,"[2,8,7,13,1,12,5,6,11,10,3,9,4]",4
314763320,"[2,7,4,11,6,13,5,8,10,12,3,9,1]",4
314763776,"[3,7,4,11,6,10,2,8,12,13,1,9,5]",4
314964466,"[4,8,7,11,3,12,5,6,13,10,2,9,1]",4
315134557,"[1,8,7,10,5,13,2,6,11,12,3,9,4]",4
315362710,"[1,7,4,11,6,10,2,8,12,13,5,9,3]",4
315744540,"[4,7,5,11,6,13,2,8,12,10,3,9,1]",4
315946356,"[4,8,7,13,2,11,6,5,12,10,3,9,1]",4
316053906,"[5,8,7,13,2,12,6,3,10,11,1,9,4]",4
316079394,"[3,6,2,10,7,12,5,8,11,13,1,9,4]",4
316086555,"[1,8,3,13,6,10,5,7,12,11,2,9,4]",4
316244836,"[2,6,3,11,7,13,5,8,12,10,4,9,1]",4
316557724,"[2,6,5,12,7,13,3,8,11,10,4,9,1]",4
316761937,"[5,7,6,13,1,11,3,8,12,10,2,9,4]",4
316898025,"[5,7,6,12,3,10,1,8,11,13,4,9,2]",4
317046862,"[3,8,7,11,4,12,6,2,10,13,5,9,1]",4
317095519,"[3,8,5,12,6,11,4,7,13,10,2,9,1]",4
317140740,"[2,8,7,10,3,12,6,1,11,13,4,9,5]",4
317201187,"[2,6,4,13,7,12,5,8,11,10,1,9,3]",4
317245179,"[2,8,7,13,3,11,1,6,12,10,5,9,4]",4
317495306,"[3,8,7,13,6,10,4,1,12,11,5,9,2]",4
317624863,"[1,8,2,11,6,13,4,7,10,12,5,9,3]",4
317936021,"[4,8,5,11,6,10,2,7,12,13,3,9,1]",4
318045073,"[1,6,2,10,7,11,4,8,12,13,3,9,5]",4
318115186,"[3,8,7,11,6,12,5,1,13,10,4,9,2]",4
318296598,"[5,6,4,11,7,12,3,8,13,10,1,9,2]",4
318639813,"[4,6,2,13,7,12,5,8,10,11,3,9,1]",4
318653397,"[2,7,4,10,6,11,5,8,13,12,1,9,3]",4
318680776,"[4,8,7,13,5,12,6,3,11,10,2,9,1]",4
319302590,"[3,8,7,11,2,12,6,5,13,10,4,9,1]",4
319340093,"[1,8,7,11,2,13,6,3,12,10,5,9,4]",4
319369571,"[4,8,7,11,2,13,6,1,10,12,3,9,5]",4
319846137,"[3,5,6,12,7,11,4,8,13,10,2,9,1]",4
319848457,"[2,8,7,10,6,12,1,5,13,11,3,9,4]",4
319863577,"[2,6,4,11,7,12,1,8,13,10,3,9,5]",4
320259179,"[4,7,6,12,2,10,3,8,13,11,1,9,5]",4
320618391,"[4,8,7,11,3,13,5,6,12,10,1,9,2]",4
320826472,"[5,8,7,12,6,10,1,4,13,11,3,9,2]",4
321005999,"[1,8,6,12,5,13,2,7,11,10,4,9,3]",4
321021886,"[2,8,3,11,6,12,4,7,13,10,5,9,1]",4
321253885,"[4,7,3,12,6,13,5,8,10,11,1,9,2]",4
321289773,"[1,4,6,12,7,13,5,8,11,10,3,9,2]",4
321671795,"[4,8,7,12,2,10,5,6,13,11,1,9,3]",4
321839414,"[5,8,7,10,1,13,4,6,12,11,2,9,3]",4
321839840,"[2,8,7,12,4,10,3,6,11,13,5,9,1]",4
322128096,"[2,8,7,10,6,13,3,5,11,12,1,9,4]",4
322161038,"[3,8,7,11,1,13,6,5,12,10,4,9,2]",4
322206314,"[5,7,6,12,1,10,4,8,13,11,2,9,3]",4
322242919,"[3,8,7,10,6,12,4,2,13,11,5,9,1]",4
322462929,"[5,8,6,11,2,12,4,7,10,13,3,9,1]",4
322499426,"[4,2,6,12,7,10,5,8,11,13,3,9,1]",4
322914684,"[3,8,7,10,4,13,1,5,11,12,6,9,2]",4
323330420,"[5,2,6,12,7,11,1,8,10,13,3,9,4]",4
323543668,"[3,7,6,12,2,13,5,8,11,10,4,9,1]",4
323558528,"[3,8,6,10,1,12,5,7,13,11,2,9,4]",4
323713193,"[4,8,7,12,1,10,3,6,11,13,5,9,2]",4
323790627,"[2,8,7,10,1,11,6,4,12,13,3,9,5]",4
323987245,"[4,8,7,13,3,11,6,2,10,12,1,9,5]",4
324151399,"[3,6,4,10,7,11,5,8,13,12,2,9,1]",4
324324174,"[1,6,4,10,7,12,2,8,13,11,5,9,3]",4
324355499,"[4,6,1,11,7,10,5,8,12,13,3,9,2]",4
324633986,"[3,8,7,10,4,11,6,5,12,13,1,9,2]",4
324998121,"[5,8,7,10,4,12,6,1,11,13,2,9,3]",4
325074892,"[1,8,6,12,3,10,4,7,11,13,5,9,2]",4
325197392,"[1,8,7,10,4,12,3,6,11,13,5,9,2]",4
325341785,"[5,7,6,12,1,11,2,8,10,13,4,9,3]",4
325933654,"[4,6,1,13,7,12,5,8,10,11,2,9,3]",4
326131190,"[4,8,7,11,5,13,6,2,12,10,3,9,1]",4
326413116,"[5,8,7,13,1,11,3,2,12,10,6,9,4]",4
326554160,"[2,7,3,11,6,12,5,8,13,10,1,9,4]",4
326607499,"[3,8,7,10,2,13,6,1,11,12,4,9,5]",4
326850183,"[4,8,6,13,1,12,3,7,11,10,5,9,2]",4
326937766,"[1,5,6,12,7,13,2,8,11,10,4,9,3]",4
326984889,"[3,4,6,12,7,13,1,8,11,10,2,9,5]",4
327218867,"[3,7,6,13,5,10,1,8,12,11,4,9,2]",4
327247456,"[1,5,6,12,7,13,3,8,10,11,4,9,2]",4
327322367,"[4,8,7,11,6,10,1,5,13,12,2,9,3]",4
327606912,"[2,8,7,13,5,11,6,4,10,12,1,9,3]",4
328031420,"[3,8,7,10,2,12,6,5,13,11,4,9,1]",4
328271364,"[3,6,4,12,7,11,5,8,13,10,1,9,2]",4
328300751,"[5,8,7,10,3,12,6,1,13,11,2,9,4]",4
328727633,"[5,8,3,11,6,13,4,7,12,10,2,9,1]",4
328912332,"[4,6,3,12,7,10,2,8,13,11,5,9,1]",4
329413184,"[4,7,6,11,3,10,1,8,12,13,5,9,2]",4
329536866,"[5,8,7,12,3,13,1,2,11,10,6,9,4]",4
329907127,"[5,7,2,12,6,10,1,8,13,11,4,9,3]",4
329948457,"[3,7,6,12,5,11,4,8,10,13,2,9,1]",4
330181862,"[2,7,1,10,6,13,4,8,11,12,5,9,3]",4
330393257,"[5,8,7,13,2,10,1,3,11,12,6,9,4]",4
330582146,"[1,8,7,10,2,12,6,4,11,13,5,9,3]",4
330806205,"[5,7,6,10,2,11,4,8,13,12,1,9,3]",4
331174631,"[5,8,7,10,3,13,6,1,12,11,2,9,4]",4
331241033,"[2,8,6,10,3,13,1,7,11,12,5,9,4]",4
331299952,"[1,8,7,11,6,13,5,4,12,10,3,9,2]",4
331371794,"[1,8,7,13,5,10,6,3,12,11,4,9,2]",4
331480761,"[3,7,1,10,6,11,2,8,13,12,4,9,5]",4
331741024,"[4,8,7,12,1,10,6,3,11,13,5,9,2]",4
331916828,"[3,8,2,13,6,11,4,7,12,10,5,9,1]",4
332030693,"[3,7,6,10,5,12,4,8,11,13,2,9,1]",4
332172599,"[4,8,7,12,1,13,2,5,11,10,6,9,3]",4
332237159,"[1,7,3,12,6,10,5,8,11,13,4,9,2]",4
332459016,"[3,8,7,13,5,10,2,6,11,12,1,9,4]",4
332493660,"[4,8,7,11,1,12,2,6,13,10,5,9,3]",4
332867342,"[5,8,6,12,3,13,1,7,10,11,2,9,4]",4
332956717,"[3,5,6,12,7,13,2,8,11,10,4,9,1]",4
333273729,"[3,6,1,12,7,10,4,8,13,11,5,9,2]",4
333487699,"[4,3,6,10,7,13,5,8,11,12,1,9,2]",4
333621049,"[5,8,3,12,6,10,2,7,11,13,1,9,4]",4
333855918,"[2,7,6,11,5,13,4,8,12,10,1,9,3]",4
333958267,"[2,8,7,13,3,11,6,4,12,10,5,9,1]",4
334334146,"[2,8,7,11,5,10,3,6,13,12,4,9,1]",4
334769582,"[2,8,7,13,4,10,1,6,11,12,5,9,3]",4
335510912,"[3,2,6,10,7,13,1,8,11,12,4,9,5]",4
335779444,"[5,8,6,13,2,12,1,7,11,10,3,9,4]",4
335844671,"[5,8,7,11,6,13,1,4,12,10,2,9,3]",4
335964548,"[2,8,7,13,1,12,5,4,10,11,6,9,3]",4
335982782,"[3,7,2,12,6,10,5,8,13,11,1,9,4]",4
336011302,"[3,8,7,12,6,11,4,5,10,13,1,9,2]",4
336115615,"[2,1,6,13,7,11,5,8,10,12,4,9,3]",4
336267673,"[1,8,7,13,4,12,3,6,10,11,2,9,5]",4
336326122,"[1,8,5,13,6,11,2,7,12,10,4,9,3]",4
336711798,"[1,8,5,11,6,13,2,7,12,10,3,9,4]",4
336992068,"[5,7,6,13,4,10,1,8,11,12,2,9,3]",4
337092665,"[4,7,6,13,5,12,1,8,10,11,2,9,3]",4
337131641,"[2,8,7,10,6,13,5,4,11,12,1,9,3]",4
337141461,"[3,7,4,11,6,10,2,8,12,13,1,9,5]",4
337259879,"[3,7,2,11,6,10,1,8,13,12,5,9,4]",4
337348362,"[4,8,6,10,2,11,3,7,12,13,1,9,5]",4
337379227,"[2,8,7,13,4,12,3,6,10,11,5,9,1]",4
337663414,"[1,7,6,12,3,11,4,8,10,13,2,9,5]",4
337944955,"[2,8,7,13,4,10,6,1,11,12,3,9,5]",4
337980954,"[4,8,7,11,2,13,6,3,12,10,5,9,1]",4
338061954,"[1,8,3,12,6,10,5,7,11,13,4,9,2]",4
338256754,"[5,7,6,10,4,11,1,8,13,12,2,9,3]",4
338390191,"[1,8,6,10,2,12,3,7,13,11,5,9,4]",4
338928688,"[3,8,7,10,6,12,4,2,13,11,5,9,1]",4
339170409,"[1,8,7,11,2,12,6,5,13,10,4,9,3]",4
339191378,"[1,7,4,13,6,12,5,8,10,11,2,9,3]",4
339304232,"[4,2,6,11,7,13,1,8,12,10,5,9,3]",4
339481211,"[2,8,4,12,6,13,1,7,10,11,5,9,3]",4
339745805,"[5,3,6,10,7,11,1,8,12,13,4,9,2]",4
339790136,"[2,8,6,12,1,11,5,7,13,10,4,9,3]",4
339903704,"[5,8,7,13,3,11,2,4,10,12,6,9,1]",4
340259694,"[3,7,6,13,5,12,1,8,11,10,2,9,4]",4
340260919,"[1,8,7,13,6,10,3,4,12,11,5,9,2]",4
340469867,"[1,7,2,13,6,11,4,8,12,10,3,9,5]",4
340813600,"[3,8,2,11,6,12,1,7,10,13,5,9,4]",4
341054212,"[3,8,7,11,1,12,2,6,10,13,4,9,5]",4
341095001,"[2,8,7,11,5,13,1,6,10,12,4,9,3]",4
341369867,"[5,7,4,13,6,10,2,8,12,11,1,9,3]",4
341561326,"[4,8,3,11,6,12,1,7,10,13,2,9,5]",4
342008122,"[4,7,6,13,2,11,3,8,10,12,5,9,1]",4
342169525,"[5,7,6,12,3,13,4,8,11,10,1,9,2]",4
342342658,"[1,6,2,13,7,11,3,8,10,12,4,9,5]",4
342603936,"[2,8,7,13,3,12,5,6,10,11,1,9,4]",4
342809126,"[5,8,6,11,3,12,1,7,10,13,4,9,2]",4
343237042,"[2,8,5,12,6,13,3,7,11,10,4,9,1]",4
343548003,"[3,8,7,13,5,12,6,1,11,10,2,9,4]",4
344648321,"[3,8,7,12,1,13,2,6,10,11,5,9,4]",4
345098059,"[5,7,6,10,2,12,1,8,13,11,3,9,4]",4
345469785,"[4,8,7,11,5,12,6,2,13,10,1,9,3]",4
345633790,"[3,8,2,10,6,13,4,7,11,12,1,9,5]",4
346312512,"[4,3,6,13,7,10,5,8,11,12,2,9,1]",4
346718332,"[3,8,7,12,6,10,1,5,13,11,2,9,4]",4
347096141,"[4,7,1,13,6,10,2,8,12,11,5,9,3]",4
347124945,"[4,8,6,13,5,11,2,7,12,10,3,9,1]",4
347250285,"[5,8,7,11,3,12,6,2,13,10,1,9,4]",4
347497052,"[5,6,4,10,7,11,3,8,13,12,1,9,2]",4
347509953,"[4,6,2,10,7,11,5,8,12,13,1,9,3]",4
347850002,"[3,8,7,11,5,13,6,1,12,10,2,9,4]",4
347922478,"[5,8,7,12,3,11,6,2,13,10,1,9,4]",4
348102559,"[1,6,2,12,7,10,3,8,13,11,5,9,4]",4
348154769,"[2,8,7,11,6,13,5,4,10,12,3,9,1]",4
348233669,"[3,8,7,11,5,10,6,1,13,12,4,9,2]",4
348808184,"[3,6,1,12,7,10,4,8,13,11,2,9,5]",4
349670370,"[1,6,2,11,7,12,4,8,10,13,5,9,3]",4
350253358,"[4,8,6,11,5,12,1,7,10,13,3,9,2]",4
350272073,"[4,7,3,10,6,13,5,8,12,11,2,9,1]",4
350321765,"[5,6,1,11,7,12,4,8,13,10,3,9,2]",4
350388299,"[1,8,7,13,4,11,2,6,12,10,3,9,5]",4
350628866,"[1,6,2,12,7,13,4,8,11,10,5,9,3]",4
350668827,"[4,7,6,12,3,11,2,8,13,10,5,9,1]",4
350830793,"[2,1,6,11,7,12,5,8,13,10,4,9,3]",4
350935554,"[5,8,7,12,4,13,2,1,11,10,6,9,3]",4
351076303,"[1,6,3,10,7,12,2,8,11,13,5,9,4]",4
351150472,"[1,7,6,11,3,10,4,8,12,13,2,9,5]",4
351523409,"[3,6,1,11,7,12,4,8,13,10,5,9,2]",4
351524459,"[4,8,6,10,2,13,5,7,12,11,1,9,3]",4
351757347,"[2,7,4,11,6,13,3,8,12,10,5,9,1]",4
351923136,"[2,8,4,11,6,10,1,7,13,12,3,9,5]",4
351940315,"[4,8,7,12,6,11,2,1,13,10,3,9,5]",4
352533032,"[1,8,5,11,6,13,4,7,12,10,2,9,3]",4
352807232,"[1,8,7,13,6,10,4,5,12,11,3,9,2]",4
352986783,"[4,8,7,10,1,13,2,6,11,12,5,9,3]",4
353056813,"[5,3,6,13,7,10,2,8,12,11,4,9,1]",4
353073815,"[2,8,7,12,6,10,5,4,13,11,1,9,3]",4
354279703,"[5,8,7,12,3,13,4,2,11,10,6,9,1]",4
354676491,"[4,8,1,10,6,13,3,7,12,11,5,9,2]",4
354995856,"[4,8,7,13,3,10,6,2,11,12,5,9,1]",4
355023338,"[5,7,6,13,4,11,3,8,10,12,2,9,1]",4
355188726,"[4,8,7,11,5,12,6,3,13,10,2,9,1]",4
355259485,"[2,6,5,12,7,13,1,8,11,10,3,9,4]",4
355353293,"[2,8,1,12,6,10,4,7,13,11,3,9,5]",4
355599467,"[3,7,6,11,1,10,4,8,12,13,5,9,2]",4
355704469,"[4,7,5,12,6,13,3,8,11,10,2,9,1]",4
355705473,"[1,8,7,13,3,10,6,2,12,11,4,9,5]",4
355847899,"[4,6,3,12,7,11,5,8,10,13,1,9,2]",4
356067437,"[3,8,5,13,6,12,4,7,11,10,2,9,1]",4
356361614,"[2,7,6,12,3,13,1,8,10,11,4,9,5]",4
356547520,"[4,6,2,13,7,11,5,8,12,10,3,9,1]",4
357020683,"[1,7,5,11,6,13,3,8,10,12,2,9,4]",4
357226243,"[3,8,7,10,6,13,1,5,11,12,2,9,4]",4
357273436,"[4,8,7,10,1,11,5,6,12,13,2,9,3]",4
358034448,"[3,8,6,10,4,13,2,7,11,12,5,9,1]",4
358613329,"[3,8,7,10,4,13,2,1,12,11,6,9,5]",4
358617151,"[4,8,7,13,6,11,5,2,10,12,1,9,3]",4
358752260,"[5,7,6,12,3,11,4,8,10,13,2,9,1]",4
358969336,"[3,8,7,12,6,10,5,4,13,11,1,9,2]",4
359239390,"[5,8,1,13,6,11,2,7,12,10,4,9,3]",4
359485969,"[5,8,6,13,1,12,3,7,10,11,2,9,4]",4
359593716,"[1,7,6,13,4,11,3,8,12,10,2,9,5]",4
359701425,"[2,8,7,12,3,11,6,5,10,13,4,9,1]",4
359715181,"[4,6,3,11,7,12,1,8,10,13,5,9,2]",4
359772931,"[2,8,7,12,5,10,6,1,13,11,3,9,4]",4
359791145,"[4,8,6,12,3,13,2,7,10,11,5,9,1]",4
360117726,"[3,8,7,10,6,11,5,2,12,13,4,9,1]",4
360378082,"[1,7,5,12,6,11,4,8,10,13,3,9,2]",4
360751198,"[2,8,6,12,5,10,1,7,11,13,3,9,4]",4
360898204,"[3,7,1,11,6,12,4,8,10,13,2,9,5]",4
361044111,"[4,8,7,12,1,11,6,3,13,10,5,9,2]",4
361386155,"[5,8,7,13,4,10,6,3,12,11,1,9,2]",4
361406987,"[3,6,4,12,7,10,2,8,11,13,1,9,5]",4
361487603,"[2,6,3,12,7,10,5,8,13,11,4,9,1]",4
362045923,"[2,5,6,11,7,13,4,8,10,12,3,9,1]",4
362100230,"[2,8,7,11,4,10,3,6,13,12,5,9,1]",4
362427287,"[5,7,4,12,6,11,3,8,10,13,1,9,2]",4
362580719,"[3,1,6,11,7,10,4,8,13,12,2,9,5]",4
363154749,"[3,8,7,13,2,11,5,4,10,12,6,9,1]",4
363203828,"[5,7,6,11,2,13,4,8,10,12,1,9,3]",4
363804383,"[1,7,2,13,6,11,3,8,10,12,4,9,5]",4
363953406,"[5,8,7,13,4,10,1,6,11,12,2,9,3]",4
364266643,"[2,5,6,13,7,12,4,8,11,10,3,9,1]",4
364314200,"[3,8,6,11,5,10,2,7,12,13,4,9,1]",4
364538663,"[2,8,7,12,1,13,5,6,10,11,4,9,3]",4
364910284,"[5,8,7,11,4,12,2,6,13,10,3,9,1]",4
364918638,"[2,8,7,11,4,12,6,5,10,13,3,9,1]",4
365190180,"[5,8,7,13,3,10,4,2,12,11,6,9,1]",4
365211770,"[1,8,7,13,5,12,4,6,11,10,2,9,3]",4
365234529,"[2,8,7,13,3,10,4,6,11,12,1,9,5]",4
365395575,"[1,7,6,12,3,11,2,8,10,13,5,9,4]",4
365497100,"[2,8,7,10,1,11,3,4,12,13,6,9,5]",4
365510967,"[2,8,7,10,1,11,6,5,13,12,3,9,4]",4
365637737,"[2,3,6,12,7,10,5,8,11,13,4,9,1]",4
365777579,"[2,1,6,13,7,10,3,8,11,12,4,9,5]",4
365935408,"[4,6,1,12,7,13,2,8,11,10,3,9,5]",4
366156956,"[5,8,6,10,1,12,3,7,11,13,4,9,2]",4
366401281,"[2,7,4,10,6,12,3,8,11,13,1,9,5]",4
366512335,"[3,7,4,10,6,13,5,8,11,12,2,9,1]",4
366905287,"[3,8,2,12,6,11,5,7,10,13,4,9,1]",4
367038766,"[2,4,6,12,7,13,3,8,10,11,1,9,5]",4
367436999,"[2,7,6,11,3,10,1,8,12,13,4,9,5]",4
367627276,"[5,7,6,12,3,13,2,8,11,10,1,9,4]",4
367838731,"[1,6,2,11,7,12,5,8,13,10,3,9,4]",4
367974801,"[1,7,6,10,4,13,3,8,12,11,5,9,2]",4
368221811,"[1,8,2,13,6,10,3,7,12,11,4,9,5]",4
368287599,"[1,8,7,13,5,10,6,3,11,12,2,9,4]",4
368519654,"[5,8,7,13,6,10,2,4,12,11,3,9,1]",4
368896706,"[2,8,6,11,1,12,5,7,13,10,3,9,4]",4
368990565,"[4,5,6,11,7,12,2,8,10,13,3,9,1]",4
369343913,"[1,8,7,11,5,12,3,6,13,10,2,9,4]",4
369347639,"[5,8,7,10,2,13,1,3,12,11,6,9,4]",4
369578710,"[1,8,7,13,3,11,5,6,12,10,4,9,2]",4
369596566,"[3,6,2,13,7,11,5,8,12,10,4,9,1]",4
370365047,"[3,8,6,13,4,10,5,7,12,11,1,9,2]",4
370384818,"[4,7,6,12,2,13,5,8,11,10,1,9,3]",4
370874567,"[4,3,6,11,7,12,5,8,10,13,1,9,2]",4
370958018,"[4,8,7,12,2,13,5,6,11,10,3,9,1]",4
371356766,"[3,8,2,10,6,12,1,7,11,13,5,9,4]",4
371968092,"[1,8,7,13,6,11,5,2,12,10,3,9,4]",4
371998930,"[5,1,6,11,7,10,4,8,13,12,2,9,3]",4
372219007,"[4,8,7,13,2,12,1,5,11,10,6,9,3]",4
372345189,"[5,8,7,10,1,11,4,2,12,13,6,9,3]",4
372789343,"[5,7,1,11,6,12,2,8,13,10,3,9,4]",4
373215828,"[2,8,7,12,5,11,3,1,13,10,6,9,4]",4
373297982,"[5,7,6,10,2,13,1,8,12,11,4,9,3]",4
373320779,"[1,8,6,11,2,13,4,7,10,12,5,9,3]",4
373505363,"[4,6,1,10,7,12,5,8,11,13,3,9,2]",4
373517668,"[3,8,7,11,4,13,6,2,10,12,1,9,5]",4
373953034,"[5,7,1,12,6,13,4,8,10,11,3,9,2]",4
374268413,"[5,1,6,10,7,11,3,8,12,13,4,9,2]",4
374607343,"[3,8,7,13,5,11,6,4,10,12,2,9,1]",4
374616473,"[4,6,3,12,7,13,1,8,11,10,5,9,2]",4
374770063,"[1,8,7,12,2,11,3,6,10,13,4,9,5]",4
374990580,"[5,8,6,12,1,10,3,7,13,11,4,9,2]",4
375282876,"[2,6,4,12,7,11,3,8,10,13,5,9,1]",4
375475307,"[3,8,7,10,6,11,5,1,12,13,4,9,2]",4
375578585,"[4,8,1,12,6,11,3,7,10,13,5,9,2]",4
375715379,"[4,8,7,12,3,11,6,2,10,13,5,9,1]",4
375886861,"[3,8,7,13,4,10,6,2,11,12,1,9,5]",4
376022032,"[3,8,6,12,4,11,1,7,13,10,5,9,2]",4
376183593,"[3,8,7,13,5,11,6,2,10,12,1,9,4]",4
376391078,"[1,8,7,13,6,12,5,3,11,10,2,9,4]",4
376498810,"[4,8,7,11,6,13,3,1,10,12,5,9,2]",4
376783170,"[2,8,6,10,3,12,1,7,13,11,4,9,5]",4
376793121,"[4,8,7,11,3,12,6,2,13,10,1,9,5]",4
377037399,"[3,8,7,10,5,12,2,6,13,11,4,9,1]",4
377122220,"[2,4,6,10,7,12,1,8,11,13,3,9,5]",4
377347580,"[3,6,4,11,7,13,5,8,12,10,2,9,1]",4
377446802,"[1,7,6,10,5,11,2,8,12,13,3,9,4]",4
377597767,"[3,8,6,12,4,13,5,7,11,10,1,9,2]",4
377739166,"[2,4,6,13,7,12,3,8,11,10,1,9,5]",4
377813482,"[1,8,7,13,3,10,5,6,12,11,4,9,2]",4
377898267,"[4,7,6,13,3,12,1,8,10,11,2,9,5]",4
377899327,"[5,7,6,12,2,11,3,8,10,13,4,9,1]",4
378103609,"[3,5,6,12,7,11,2,8,10,13,4,9,1]",4
378635576,"[2,4,6,12,7,11,3,8,10,13,5,9,1]",4
378648678,"[1,8,7,13,2,11,5,6,12,10,3,9,4]",4
378732326,"[2,8,7,12,3,11,6,5,10,13,1,9,4]",4
378972191,"[4,7,1,10,6,13,3,8,11,12,2,9,5]",4
379416200,"[3,8,7,10,5,12,6,1,13,11,4,9,2]",4
379613210,"[5,8,6,10,3,12,4,7,13,11,1,9,2]",4
379691350,"[5,7,4,12,6,11,3,8,13,10,1,9,2]",4
380188998,"[2,7,4,12,6,13,5,8,10,11,3,9,1]",4
380199560,"[5,7,6,12,4,13,1,8,10,11,3,9,2]",4
380223072,"[5,7,2,12,6,13,4,8,11,10,1,9,3]",4
380227833,"[2,6,4,13,7,12,3,8,10,11,1,9,5]",4
380572256,"[3,8,7,11,2,10,6,5,13,12,4,9,1]",4
380608691,"[3,8,7,13,4,11,6,1,10,12,2,9,5]",4
380755743,"[3,8,7,12,5,13,1,2,11,10,6,9,4]",4
380899278,"[4,8,1,13,6,12,5,7,11,10,3,9,2]",4
381001394,"[4,7,6,10,5,12,1,8,11,13,3,9,2]",4
381120995,"[2,8,4,11,6,13,3,7,10,12,1,9,5]",4
381144929,"[2,8,6,13,5,11,4,7,12,10,1,9,3]",4
381248246,"[5,7,6,13,1,11,2,8,12,10,4,9,3]",4
381326637,"[4,7,6,11,2,12,3,8,13,10,5,9,1]",4
381360372,"[4,6,5,11,7,12,2,8,10,13,1,9,3]",4
381448926,"[4,8,6,12,1,13,2,7,10,11,5,9,3]",4
381687016,"[2,7,6,11,4,12,1,8,10,13,5,9,3]",4
381753736,"[1,8,6,11,3,12,2,7,13,10,5,9,4]",4
382137491,"[3,6,2,10,7,11,1,8,12,13,5,9,4]",4
382165216,"[4,6,1,10,7,11,5,8,13,12,3,9,2]",4
382226627,"[3,6,4,11,7,13,5,8,10,12,2,9,1]",4
382244497,"[1,3,6,12,7,10,4,8,11,13,5,9,2]",4
382507562,"[5,7,6,11,1,10,4,8,12,13,3,9,2]",4
382767558,"[1,8,7,11,6,13,4,3,10,12,2,9,5]",4
382843697,"[5,7,6,13,2,12,1,8,10,11,4,9,3]",4
382968858,"[1,8,7,13,3,12,2,4,11,10,6,9,5]",4
383071955,"[3,6,1,11,7,12,2,8,10,13,5,9,4]",4
383442837,"[5,7,2,13,6,12,4,8,10,11,3,9,1]",4
383805237,"[2,7,5,12,6,10,3,8,13,11,4,9,1]",4
383936281,"[2,6,3,10,7,11,4,8,12,13,5,9,1]",4
383944633,"[2,8,7,10,4,11,1,5,12,13,6,9,3]",4
384574271,"[5,7,6,11,1,13,4,8,10,12,3,9,2]",4
384618762,"[5,3,6,10,7,11,4,8,12,13,1,9,2]",4
384672900,"[3,8,7,10,6,12,4,1,11,13,2,9,5]",4
384909844,"[3,8,4,12,6,11,2,7,10,13,5,9,1]",4
385066787,"[1,8,7,12,5,10,2,3,11,13,6,9,4]",4
385214967,"[3,7,1,12,6,10,5,8,13,11,4,9,2]",4
385549069,"[4,8,7,13,5,12,6,2,11,10,3,9,1]",4
385577664,"[2,3,6,10,7,13,1,8,12,11,5,9,4]",4
385622876,"[3,8,6,11,1,10,4,7,13,12,2,9,5]",4
385677035,"[3,5,6,12,7,11,2,8,10,13,4,9,1]",4
386254956,"[5,8,7,11,3,10,6,2,12,13,4,9,1]",4
386485447,"[1,7,5,10,6,13,3,8,12,11,4,9,2]",4
386644879,"[2,8,7,12,3,11,6,5,13,10,1,9,4]",4
386890677,"[3,8,7,12,4,13,1,6,10,11,5,9,2]",4
387109235,"[5,7,1,11,6,10,3,8,13,12,2,9,4]",4
387735223,"[3,8,7,13,6,10,5,1,11,12,4,9,2]",4
387970650,"[4,7,6,12,3,10,5,8,13,11,2,9,1]",4
388032529,"[5,8,1,12,6,13,3,7,11,10,2,9,4]",4
388115870,"[1,8,6,10,5,13,4,7,12,11,3,9,2]",4
388456147,"[4,8,7,11,1,12,3,6,13,10,5,9,2]",4
388616183,"[5,7,6,12,4,13,2,8,11,10,3,9,1]",4
389102251,"[2,8,7,13,3,10,6,5,11,12,4,9,1]",4
389115924,"[2,8,7,10,5,12,1,3,13,11,6,9,4]",4
389222963,"[4,6,1,12,7,10,5,8,13,11,3,9,2]",4
389459650,"[1,8,7,11,5,13,2,3,12,10,6,9,4]",4
389556584,"[2,7,6,13,1,12,3,8,10,11,4,9,5]",4
389572114,"[4,8,6,10,5,12,1,7,11,13,3,9,2]",4
390455317,"[1,7,5,13,6,12,2,8,10,11,3,9,4]",4
390656957,"[5,8,6,12,2,13,4,7,11,10,1,9,3]",4
390905724,"[3,8,6,11,4,13,1,7,10,12,5,9,2]",4
390919927,"[4,8,7,10,1,13,3,2,11,12,6,9,5]",4
390934932,"[2,8,1,13,6,12,5,7,10,11,3,9,4]",4
391061668,"[3,8,7,11,4,13,5,6,10,12,1,9,2]",4
391066097,"[2,8,7,13,1,10,5,6,11,12,4,9,3]",4
391070994,"[4,3,6,11,7,10,1,8,12,13,2,9,5]",4
391203161,"[1,7,6,13,3,11,2,8,10,12,5,9,4]",4
391427368,"[3,8,1,10,6,13,5,7,11,12,2,9,4]",4
391591700,"[4,3,6,12,7,11,1,8,10,13,2,9,5]",4
391825943,"[5,6,3,10,7,13,4,8,11,12,1,9,2]",4
392032653,"[2,7,6,10,1,13,4,8,12,11,5,9,3]",4
392557410,"[5,7,2,12,6,11,1,8,10,13,3,9,4]",4
392636770,"[5,8,7,13,6,12,2,3,10,11,4,9,1]",4
392822593,"[2,8,7,13,5,11,4,6,12,10,3,9,1]",4
392986781,"[1,8,7,13,6,12,4,2,11,10,5,9,3]",4
393150046,"[1,8,7,11,2,13,6,3,10,12,4,9,5]",4
393350444,"[5,1,6,13,7,10,4,8,11,12,2,9,3]",4
393440027,"[1,8,7,12,4,11,3,2,13,10,6,9,5]",4
393454550,"[1,3,6,11,7,13,5,8,12,10,4,9,2]",4
394245883,"[5,8,6,10,2,11,4,7,13,12,3,9,1]",4
394672988,"[5,8,7,11,4,10,1,2,13,12,6,9,3]",4
394885847,"[2,8,7,12,4,11,3,6,13,10,5,9,1]",4
394888227,"[1,8,2,11,6,13,4,7,12,10,3,9,5]",4
395244124,"[3,8,6,13,2,11,1,7,10,12,5,9,4]",4
395457137,"[3,6,5,12,7,13,1,8,10,11,2,9,4]",4
395576860,"[1,8,7,11,3,12,5,6,10,13,4,9,2]",4
395744121,"[3,8,7,12,4,13,5,1,10,11,6,9,2]",4
396327723,"[5,7,2,11,6,12,3,8,10,13,1,9,4]",4
396606708,"[3,8,1,11,6,12,5,7,13,10,2,9,4]",4
396970576,"[4,8,7,11,1,10,2,5,12,13,6,9,3]",4
397246346,"[5,8,6,11,3,13,2,7,10,12,4,9,1]",4
397885896,"[3,8,7,10,5,11,2,6,13,12,4,9,1]",4
398172508,"[2,8,7,13,3,10,4,5,11,12,6,9,1]",4
398402776,"[3,1,6,11,7,10,5,8,13,12,4,9,2]",4
398544219,"[2,8,7,12,3,11,6,5,10,13,1,9,4]",4
399478474,"[1,8,6,10,4,13,2,7,11,12,3,9,5]",4
399557767,"[1,8,7,13,6,12,2,5,11,10,4,9,3]",4
399828238,"[4,8,7,12,3,10,6,1,13,11,5,9,2]",4
400059984,"[3,6,5,11,7,12,1,8,13,10,2,9,4]",4
400068310,"[5,8,7,13,1,10,6,4,11,12,3,9,2]",4
400202203,"[4,3,6,11,7,10,1,8,13,12,5,9,2]",4
400323352,"[2,8,7,13,6,11,5,1,10,12,4,9,3]",4
400440115,"[4,8,6,13,3,10,5,7,11,12,1,9,2]",4
400497232,"[5,8,7,11,4,10,2,1,12,13,6,9,3]",4
400735593,"[2,3,6,11,7,12,1,8,10,13,5,9,4]",4
400906783,"[5,7,1,12,6,11,3,8,10,13,4,9,2]",4
401009833,"[4,8,6,13,2,10,1,7,12,11,5,9,3]",4
401034942,"[4,6,3,10,7,11,2,8,13,12,5,9,1]",4
401707338,"[2,5,6,12,7,13,1,8,11,10,4,9,3]",4
401932333,"[1,8,7,11,6,13,3,5,12,10,2,9,4]",4
402148513,"[1,6,4,10,7,12,3,8,11,13,2,9,5]",4
402467158,"[2,4,6,10,7,13,3,8,12,11,1,9,5]",4
402479206,"[4,8,7,11,2,10,5,6,13,12,1,9,3]",4
403118275,"[3,8,7,10,5,13,4,1,12,11,6,9,2]",4
403328282,"[4,8,7,10,5,13,2,3,12,11,6,9,1]",4
403410931,"[4,8,7,13,5,12,6,3,11,10,2,9,1]",4
403748476,"[1,7,6,12,2,10,4,8,11,13,3,9,5]",4
404571588,"[3,7,5,13,6,11,2,8,12,10,4,9,1]",4
405056929,"[5,4,6,13,7,10,3,8,11,12,1,9,2]",4
405506563,"[2,8,7,10,4,13,5,6,11,12,1,9,3]",4
405515790,"[1,3,6,12,7,10,5,8,13,11,4,9,2]",4
405521902,"[4,8,7,12,3,11,5,1,13,10,6,9,2]",4
405557594,"[5,8,6,13,3,10,2,7,11,12,1,9,4]",4
405766095,"[4,5,6,12,7,10,1,8,13,11,2,9,3]",4
405917121,"[4,6,3,13,7,11,5,8,12,10,2,9,1]",4
405942970,"[4,8,7,11,3,10,6,1,12,13,2,9,5]",4
405962391,"[2,6,5,12,7,11,3,8,13,10,1,9,4]",4
406412824,"[2,8,6,13,1,12,4,7,11,10,5,9,3]",4
406632427,"[2,8,7,12,4,11,5,1,10,13,6,9,3]",4
406731127,"[5,8,4,11,6,12,3,7,10,13,1,9,2]",4
406781449,"[3,8,7,12,6,10,2,5,11,13,4,9,1]",4
406833323,"[5,7,6,10,4,12,3,8,13,11,1,9,2]",4
407443674,"[2,8,7,11,6,10,5,1,13,12,3,9,4]",4
407788366,"[4,8,5,13,6,10,2,7,12,11,3,9,1]",4
407892908,"[2,8,7,10,5,12,4,6,13,11,1,9,3]",4
408208081,"[1,8,7,10,4,13,3,6,11,12,5,9,2]",4
408332606,"[2,8,3,13,6,10,1,7,12,11,4,9,5]",4
409206054,"[3,8,7,13,2,11,5,4,12,10,6,9,1]",4
409247525,"[5,1,6,12,7,10,3,8,13,11,2,9,4]",4
409621173,"[3,7,5,10,6,13,1,8,11,12,4,9,2]",4
409657607,"[5,8,7,12,2,11,4,3,13,10,6,9,1]",4
410029996,"[1,8,7,13,6,12,4,5,11,10,3,9,2]",4
410448498,"[3,8,7,11,4,12,6,5,10,13,1,9,2]",4
410622383,"[5,8,7,11,4,12,2,3,10,13,6,9,1]",4
411156617,"[3,5,6,11,7,10,1,8,12,13,4,9,2]",4
411386696,"[1,7,6,11,4,10,5,8,12,13,3,9,2]",4
411419269,"[2,8,7,13,4,11,5,1,10,12,6,9,3]",4
411768500,"[1,8,7,12,5,13,3,4,11,10,6,9,2]",4
411981737,"[1,7,6,11,5,13,2,8,12,10,3,9,4]",4
412608768,"[5,8,6,12,2,11,3,7,10,13,1,9,4]",4
413474126,"[3,8,7,10,6,12,5,1,13,11,2,9,4]",4
413574571,"[1,8,7,10,3,13,2,6,11,12,4,9,5]",4
413576945,"[3,8,7,13,4,12,1,6,11,10,2,9,5]",4
413915966,"[3,8,7,11,6,10,1,2,13,12,5,9,4]",4
413962180,"[3,7,1,11,6,13,4,8,12,10,2,9,5]",4
414162671,"[1,8,7,10,2,12,5,3,13,11,6,9,4]",4
414572979,"[5,8,2,11,6,10,1,7,13,12,4,9,3]",4
414692614,"[1,8,7,13,2,10,6,4,11,12,3,9,5]",4
415217114,"[1,7,2,12,6,11,3,8,10,13,4,9,5]",4
415325150,"[2,8,7,10,6,11,3,4,12,13,1,9,5]",4
415613862,"[4,1,6,12,7,13,3,8,10,11,2,9,5]",4
415856119,"[5,3,6,11,7,12,4,8,10,13,2,9,1]",4
416054533,"[1,8,7,13,3,12,6,4,10,11,5,9,2]",4
416522244,"[5,8,7,11,3,10,6,2,13,12,4,9,1]",4
416846290,"[2,8,7,13,4,10,3,5,11,12,6,9,1]",4
417053743,"[3,7,6,10,2,11,1,8,13,12,5,9,4]",4
417231505,"[1,7,6,11,2,12,4,8,10,13,3,9,5]",4
417319223,"[2,1,6,13,7,12,5,8,10,11,3,9,4]",4
417460726,"[4,6,5,12,7,13,2,8,10,11,3,9,1]",4
417875648,"[5,8,2,10,6,11,1,7,12,13,3,9,4]",4
417892199,"[2,7,6,11,4,10,5,8,13,12,3,9,1]",4
417929586,"[3,8,7,11,2,13,4,1,10,12,6,9,5]",4
417953987,"[1,8,6,13,2,11,5,7,12,10,3,9,4]",4
418004677,"[3,8,6,13,4,12,5,7,10,11,2,9,1]",4
418012256,"[2,6,3,11,7,12,5,8,13,10,4,9,1]",4
418053728,"[1,8,7,12,5,13,4,3,11,10,6,9,2]",4
418138427,"[3,8,7,11,1,12,5,6,13,10,2,9,4]",4
418321553,"[5,6,4,10,7,11,3,8,13,12,2,9,1]",4
418340063,"[5,7,1,10,6,11,2,8,12,13,4,9,3]",4
418666108,"[5,8,7,12,4,11,6,3,13,10,2,9,1]",4
419224464,"[2,7,6,13,5,10,1,8,11,12,4,9,3]",4
419626307,"[3,8,7,13,6,12,1,4,10,11,5,9,2]",4
419685920,"[1,8,7,12,4,10,6,2,13,11,3,9,5]",4
419749788,"[2,7,6,10,4,11,3,8,12,13,5,9,1]",4
419960856,"[4,8,1,10,6,12,5,7,13,11,3,9,2]",4
420109539,"[5,1,6,11,7,10,3,8,12,13,4,9,2]",4
420435706,"[5,7,4,12,6,11,2,8,13,10,3,9,1]",4
420792969,"[5,6,1,13,7,10,2,8,12,11,4,9,3]",4
421140904,"[4,8,7,13,5,12,6,3,11,10,1,9,2]",4
421693076,"[1,8,7,12,4,13,3,6,10,11,2,9,5]",4
422087426,"[5,8,7,13,1,10,2,6,11,12,3,9,4]",4
422138781,"[3,7,6,11,5,12,2,8,13,10,1,9,4]",4
422193513,"[2,8,6,12,3,13,4,7,11,10,5,9,1]",4
422635318,"[2,8,7,13,1,12,4,5,10,11,6,9,3]",4
423084415,"[5,8,3,10,6,13,4,7,11,12,2,9,1]",4
423320929,"[4,7,6,13,3,11,1,8,12,10,2,9,5]",4
423345436,"[1,8,7,13,2,12,3,4,11,10,6,9,5]",4
423474875,"[4,8,7,12,2,13,3,5,10,11,6,9,1]",4
423874262,"[1,8,5,12,6,11,2,7,10,13,3,9,4]",4
423926929,"[5,8,6,11,3,12,2,7,10,13,1,9,4]",4
424633550,"[3,7,2,13,6,10,1,8,12,11,5,9,4]",4
424787597,"[3,6,4,13,7,12,1,8,11,10,5,9,2]",4
424826744,"[1,7,6,10,3,12,4,8,13,11,5,9,2]",4
424946393,"[5,3,6,13,7,12,2,8,11,10,1,9,4]",4
425057389,"[1,8,5,10,6,13,4,7,11,12,2,9,3]",4
425291221,"[1,7,3,12,6,11,2,8,10,13,5,9,4]",4
425462864,"[2,8,7,12,1,13,5,6,11,10,4,9,3]",4
426246844,"[1,8,7,13,3,12,2,6,11,10,5,9,4]",4
426540646,"[1,8,5,11,6,12,2,7,10,13,3,9,4]",4
426821569,"[1,8,6,10,4,13,2,7,11,12,5,9,3]",4
426953693,"[4,8,7,11,6,13,1,3,10,12,2,9,5]",4
427363282,"[3,8,7,10,1,12,4,6,13,11,2,9,5]",4
427426289,"[4,8,7,12,5,10,2,6,11,13,1,9,3]",4
427647329,"[2,8,7,11,6,10,4,3,12,13,5,9,1]",4
427755718,"[2,8,5,13,6,10,4,7,11,12,3,9,1]",4
427895333,"[4,1,6,10,7,11,3,8,13,12,5,9,2]",4
427943285,"[2,8,7,11,1,12,4,5,13,10,6,9,3]",4
428430143,"[3,8,5,10,6,12,1,7,11,13,2,9,4]",4
428763033,"[2,6,5,12,7,10,3,8,11,13,4,9,1]",4
429511412,"[2,8,7,10,6,13,1,4,12,11,5,9,3]",4
429695169,"[3,7,6,10,2,12,1,8,13,11,5,9,4]",4
429775624,"[4,7,1,13,6,12,2,8,11,10,3,9,5]",4
429848635,"[3,8,5,12,6,13,2,7,11,10,1,9,4]",4
430027278,"[2,8,6,12,5,13,3,7,10,11,4,9,1]",4
430275584,"[3,8,7,13,1,12,2,6,11,10,4,9,5]",4
430692763,"[3,8,7,11,5,10,4,2,12,13,6,9,1]",4
431016343,"[4,8,7,12,6,13,3,1,10,11,5,9,2]",4
431656863,"[5,1,6,10,7,13,4,8,12,11,3,9,2]",4
431677377,"[2,8,4,13,6,12,3,7,10,11,1,9,5]",4
432227013,"[2,7,6,12,5,13,1,8,10,11,3,9,4]",4
432400554,"[5,8,7,13,4,10,6,2,12,11,1,9,3]",4
432798492,"[5,7,1,12,6,13,3,8,10,11,4,9,2]",4
432882918,"[1,7,5,12,6,11,3,8,13,10,4,9,2]",4
433066344,"[3,5,6,12,7,13,2,8,10,11,4,9,1]",4
433145712,"[2,8,7,13,1,11,4,6,12,10,5,9,3]",4
433182851,"[5,1,6,13,7,12,3,8,11,10,2,9,4]",4
433586128,"[5,7,3,12,6,11,4,8,10,13,1,9,2]",4
433734253,"[5,7,6,10,1,12,2,8,13,11,3,9,4]",4
433939464,"[4,8,7,12,3,13,6,5,10,11,2,9,1]",4
434206484,"[3,8,7,12,1,13,6,4,10,11,2,9,5]",4
434220799,"[4,8,6,10,1,13,5,7,11,12,3,9,2]",4
434706140,"[1,8,7,11,6,13,4,3,12,10,5,9,2]",4
434857436,"[4,8,6,11,2,12,1,7,10,13,5,9,3]",4
435320379,"[3,7,6,13,1,12,5,8,11,10,4,9,2]",4
435550689,"[1,3,6,11,7,13,2,8,12,10,5,9,4]",4
436460630,"[1,8,7,13,6,12,2,3,11,10,5,9,4]",4
436524486,"[3,8,7,10,4,13,1,5,11,12,6,9,2]",4
436547455,"[1,7,4,13,6,10,5,8,11,12,2,9,3]",4
436711907,"[3,6,1,12,7,13,2,8,10,11,4,9,5]",4
436980267,"[3,8,6,13,4,11,1,7,12,10,5,9,2]",4
437220714,"[4,6,3,10,7,11,1,8,13,12,5,9,2]",4
437245616,"[2,8,7,10,4,12,5,6,13,11,3,9,1]",4
437495505,"[3,7,6,10,4,13,2,8,12,11,1,9,5]",4
437496715,"[1,7,6,10,2,13,5,8,12,11,3,9,4]",4
437498317,"[4,8,7,10,2,12,3,1,11,13,6,9,5]",4
437536473,"[5,7,6,10,3,13,4,8,12,11,1,9,2]",4
437752547,"[2,3,6,11,7,10,5,8,13,12,1,9,4]",4
437798107,"[5,7,6,12,3,13,1,8,10,11,4,9,2]",4
437828749,"[2,1,6,10,7,13,5,8,12,11,4,9,3]",4
438864038,"[5,8,3,10,6,13,2,7,12,11,4,9,1]",4
439110791,"[2,8,7,10,6,13,3,4,11,12,1,9,5]",4
439362702,"[1,8,7,12,5,10,4,6,13,11,2,9,3]",4
440028240,"[5,8,7,12,3,10,4,6,11,13,2,9,1]",4
440329540,"[4,8,7,10,3,13,6,1,12,11,2,9,5]",4
440738548,"[4,8,3,12,6,11,2,7,10,13,5,9,1]",4
440955138,"[5,4,6,10,7,12,1,8,13,11,2,9,3]",4
441172944,"[4,8,7,10,5,13,2,1,12,11,6,9,3]",4
441607784,"[2,3,6,13,7,10,1,8,11,12,5,9,4]",4
442174323,"[4,8,7,11,3,13,1,6,12,10,2,9,5]",4
442434162,"[5,8,7,11,2,12,4,3,13,10,6,9,1]",4
442846982,"[3,2,6,10,7,12,5,8,13,11,4,9,1]",4
443400163,"[3,8,7,12,5,10,4,1,11,13,6,9,2]",4
443429466,"[1,6,2,10,7,11,3,8,12,13,5,9,4]",4
443809484,"[3,7,2,10,6,12,1,8,13,11,5,9,4]",4
443973291,"[3,2,6,10,7,13,5,8,11,12,1,9,4]",4
444615581,"[1,8,7,13,4,11,6,3,12,10,2,9,5]",4
444647098,"[2,8,6,10,5,11,3,7,13,12,1,9,4]",4
444869210,"[5,8,7,11,3,12,1,6,10,13,4,9,2]",4
445229488,"[4,8,7,11,5,12,2,3,13,10,6,9,1]",4
445245728,"[5,7,4,11,6,12,1,8,10,13,2,9,3]",4
445507260,"[1,8,7,10,2,12,4,3,11,13,6,9,5]",4
445547453,"[4,7,6,11,3,13,2,8,12,10,1,9,5]",4
445580956,"[5,7,6,13,1,12,4,8,11,10,3,9,2]",4
445710325,"[3,6,4,13,7,12,5,8,10,11,1,9,2]",4
445836221,"[4,8,7,10,2,11,6,5,13,12,3,9,1]",4
446114739,"[4,8,7,13,2,10,3,5,11,12,6,9,1]",4
446185943,"[3,8,7,13,6,10,4,5,11,12,1,9,2]",4
446676978,"[2,8,7,13,5,10,4,1,12,11,6,9,3]",4
446714827,"[4,8,6,12,5,11,1,7,13,10,2,9,3]",4
446735344,"[5,8,6,13,2,12,1,7,11,10,4,9,3]",4
446856731,"[3,6,2,12,7,10,4,8,11,13,1,9,5]",4
447588141,"[4,7,2,12,6,10,3,8,11,13,1,9,5]",4
447978633,"[1,6,4,11,7,10,3,8,13,12,5,9,2]",4
448040679,"[3,8,7,10,1,12,4,5,11,13,6,9,2]",4
448101974,"[1,7,4,13,6,10,3,8,11,12,2,9,5]",4
448109987,"[4,7,5,12,6,13,1,8,11,10,2,9,3]",4
448295362,"[5,8,7,11,3,10,6,4,12,13,2,9,1]",4
448369335,"[5,8,7,12,2,13,1,6,10,11,4,9,3]",4
448587720,"[3,7,1,11,6,12,5,8,10,13,2,9,4]",4
448672521,"[3,8,7,13,6,12,5,4,10,11,1,9,2]",4
448760726,"[4,7,6,10,3,12,2,8,13,11,1,9,5]",4
449041499,"[4,7,6,12,5,11,1,8,13,10,2,9,3]",4
449179286,"[2,8,4,13,6,12,5,7,10,11,1,9,3]",4
449454708,"[5,8,7,12,6,11,3,1,10,13,4,9,2]",4
449606023,"[1,8,6,11,5,10,4,7,12,13,3,9,2]",4
449628628,"[2,8,4,12,6,10,1,7,11,13,5,9,3]",4
449631863,"[2,4,6,11,7,10,3,8,12,13,5,9,1]",4
449976246,"[2,6,1,13,7,10,3,8,12,11,5,9,4]",4
450040887,"[4,7,6,12,3,13,5,8,10,11,1,9,2]",4
450493112,"[1,7,5,10,6,13,4,8,11,12,3,9,2]",4
450556192,"[4,8,7,12,1,13,5,6,10,11,3,9,2]",4
450799324,"[1,8,6,12,3,13,5,7,11,10,4,9,2]",4
451145299,"[2,8,1,13,6,10,5,7,11,12,4,9,3]",4
451293536,"[4,8,7,11,3,12,2,5,13,10,6,9,1]",4
451802345,"[5,6,4,10,7,11,2,8,13,12,3,9,1]",4
451873543,"[5,1,6,12,7,11,2,8,13,10,3,9,4]",4
452861699,"[5,8,7,11,4,10,2,6,12,13,1,9,3]",4
452895176,"[3,8,7,13,1,10,6,5,12,11,4,9,2]",4
453329158,"[1,8,6,13,2,10,3,7,12,11,4,9,5]",4
453491482,"[1,8,7,12,6,10,3,4,13,11,2,9,5]",4
453551722,"[4,8,7,12,3,10,2,6,13,11,1,9,5]",4
453624805,"[2,8,7,10,3,13,1,4,12,11,6,9,5]",4
453993582,"[3,8,7,10,6,13,1,2,11,12,4,9,5]",4
454156397,"[2,8,7,12,5,11,1,6,13,10,4,9,3]",4
454318691,"[1,8,7,10,4,13,3,6,11,12,5,9,2]",4
454319619,"[4,8,7,10,6,13,3,5,12,11,2,9,1]",4
454328843,"[3,8,7,13,6,10,1,2,12,11,4,9,5]",4
454345419,"[1,8,7,10,6,11,5,4,13,12,2,9,3]",4
454360704,"[1,8,7,10,5,13,6,2,12,11,4,9,3]",4
454564456,"[2,7,4,13,6,11,3,8,10,12,1,9,5]",4
454812733,"[2,8,3,11,6,13,1,7,12,10,4,9,5]",4
454850058,"[4,8,7,10,1,12,6,5,11,13,2,9,3]",4
455406490,"[1,7,5,10,6,12,4,8,11,13,3,9,2]",4
455416507,"[1,7,6,10,3,13,2,8,12,11,4,9,5]",4
455734738,"[1,8,7,11,6,13,4,3,10,12,5,9,2]",4
456055315,"[4,2,6,11,7,12,1,8,13,10,5,9,3]",4
456361796,"[4,6,3,12,7,11,1,8,10,13,5,9,2]",4
456464891,"[1,6,3,11,7,12,5,8,13,10,2,9,4]",4
456574520,"[5,8,1,12,6,10,2,7,13,11,4,9,3]",4
456898036,"[1,7,4,12,6,11,3,8,13,10,5,9,2]",4
457128536,"[1,8,2,10,6,12,5,7,11,13,4,9,3]",4
457617548,"[3,8,7,10,2,13,1,5,11,12,6,9,4]",4
457687343,"[3,8,7,10,6,13,4,5,12,11,2,9,1]",4
457860852,"[3,8,7,10,6,11,4,1,12,13,2,9,5]",4
458056837,"[4,6,3,13,7,12,2,8,10,11,5,9,1]",4
458107115,"[4,6,3,12,7,10,2,8,11,13,5,9,1]",4
458645416,"[4,8,2,10,6,11,5,7,13,12,1,9,3]",4
458870075,"[1,2,6,13,7,12,5,8,11,10,3,9,4]",4
459149550,"[5,8,7,12,2,11,6,1,13,10,3,9,4]",4
459292009,"[2,8,7,10,6,11,1,4,12,13,3,9,5]",4
460193127,"[5,8,1,11,6,12,3,7,10,13,4,9,2]",4
460224142,"[4,6,2,12,7,13,3,8,11,10,1,9,5]",4
460437118,"[1,8,7,13,2,12,5,6,11,10,3,9,4]",4
461076455,"[3,8,4,13,6,11,1,7,10,12,2,9,5]",4
461077130,"[3,8,6,13,5,11,2,7,10,12,1,9,4]",4
461434676,"[2,8,7,12,6,10,3,4,11,13,5,9,1]",4
461501924,"[2,7,6,12,1,10,3,8,13,11,4,9,5]",4
461852345,"[2,8,7,11,1,10,6,3,13,12,5,9,4]",4
462271641,"[4,8,7,13,1,11,2,6,10,12,3,9,5]",4
462310091,"[2,7,6,13,4,10,5,8,12,11,3,9,1]",4
462476026,"[1,8,6,11,2,13,5,7,12,10,4,9,3]",4
462833959,"[2,8,6,11,5,12,4,7,13,10,3,9,1]",4
463030516,"[5,8,7,12,1,10,2,6,11,13,3,9,4]",4
463050421,"[1,8,7,11,6,10,2,5,13,12,3,9,4]",4
464499887,"[3,8,7,11,1,13,5,4,10,12,6,9,2]",4
464505422,"[3,1,6,12,7,11,5,8,13,10,4,9,2]",4
465051172,"[2,8,7,12,6,11,1,5,10,13,4,9,3]",4
465193604,"[1,8,7,12,2,13,5,4,10,11,6,9,3]",4
465784256,"[1,7,6,12,4,10,5,8,13,11,2,9,3]",4
465829324,"[1,2,6,10,7,11,5,8,13,12,3,9,4]",4
465973873,"[5,6,4,11,7,10,2,8,13,12,3,9,1]",4
465976349,"[4,2,6,12,7,13,5,8,10,11,3,9,1]",4
466291267,"[1,7,5,13,6,11,3,8,12,10,2,9,4]",4
466430145,"[1,6,5,11,7,12,3,8,13,10,2,9,4]",4
466834438,"[2,3,6,12,7,10,5,8,11,13,1,9,4]",4
466873534,"[5,8,7,10,3,13,6,2,11,12,4,9,1]",4
467067384,"[4,8,7,13,2,12,6,1,11,10,3,9,5]",4
467593252,"[5,2,6,12,7,10,1,8,13,11,4,9,3]",4
467596396,"[4,8,6,13,3,10,2,7,11,12,1,9,5]",4
467671667,"[2,7,6,12,4,10,1,8,11,13,3,9,5]",4
467826116,"[4,7,3,13,6,10,5,8,12,11,1,9,2]",4
467978661,"[2,7,6,11,4,10,1,8,13,12,3,9,5]",4
468447358,"[5,8,7,11,6,12,1,4,13,10,2,9,3]",4
468816747,"[5,7,6,11,1,12,4,8,10,13,2,9,3]",4
469347375,"[1,8,7,10,4,11,2,6,12,13,5,9,3]",4
469598376,"[3,8,7,10,2,11,6,4,13,12,1,9,5]",4
470005493,"[3,2,6,10,7,13,5,8,11,12,4,9,1]",4
470053375,"[4,8,7,12,5,13,1,6,11,10,3,9,2]",4
470092421,"[3,8,7,13,4,10,1,5,12,11,6,9,2]",4
470206959,"[4,5,6,11,7,10,3,8,12,13,1,9,2]",4
470668016,"[5,8,2,13,6,11,1,7,10,12,4,9,3]",4
470720418,"[5,8,6,10,4,11,3,7,13,12,1,9,2]",4
471147917,"[3,1,6,10,7,11,5,8,12,13,2,9,4]",4
471243245,"[2,7,6,10,4,12,1,8,13,11,5,9,3]",4
471296282,"[3,8,7,11,6,12,4,2,10,13,5,9,1]",4
471441577,"[3,8,7,13,6,10,5,4,12,11,2,9,1]",4
471744639,"[2,7,6,11,1,10,3,8,12,13,4,9,5]",4
471784735,"[1,6,2,13,7,10,3,8,11,12,5,9,4]",4
472056708,"[3,8,6,12,4,13,2,7,10,11,1,9,5]",4
472280401,"[5,8,6,13,3,10,1,7,12,11,4,9,2]",4
472457630,"[5,2,6,12,7,10,1,8,11,13,4,9,3]",4
472758795,"[3,6,1,10,7,11,4,8,12,13,5,9,2]",4
473166882,"[5,6,1,11,7,10,3,8,13,12,4,9,2]",4
473221719,"[4,8,7,13,5,10,1,6,11,12,3,9,2]",4
473662328,"[2,4,6,11,7,12,1,8,13,10,3,9,5]",4
474285272,"[5,7,6,13,1,12,2,8,10,11,4,9,3]",4
474489268,"[1,8,7,10,5,11,2,6,13,12,3,9,4]",4
474633112,"[1,8,6,12,5,13,2,7,11,10,4,9,3]",4
474673495,"[1,4,6,13,7,12,2,8,10,11,5,9,3]",4
474803683,"[3,7,6,10,2,11,5,8,13,12,1,9,4]",4
475191076,"[2,8,7,10,6,12,3,1,13,11,5,9,4]",4
475647963,"[1,7,3,12,6,11,4,8,10,13,5,9,2]",4
475661357,"[4,6,3,10,7,12,5,8,11,13,2,9,1]",4
475738522,"[4,7,6,11,2,13,1,8,10,12,3,9,5]",4
476049502,"[5,8,7,11,6,13,1,4,10,12,3,9,2]",4
476151867,"[4,8,7,10,3,11,5,6,12,13,1,9,2]",4
476227143,"[1,8,7,11,4,12,2,6,13,10,5,9,3]",4
476375299,"[1,6,4,13,7,11,5,8,12,10,3,9,2]",4
476821366,"[4,8,3,11,6,13,2,7,10,12,5,9,1]",4
477037761,"[1,8,7,13,6,11,5,4,10,12,2,9,3]",4
477234054,"[5,7,6,12,1,11,3,8,10,13,4,9,2]",4
477299354,"[3,8,2,12,6,13,4,7,11,10,5,9,1]",4
477392414,"[4,8,7,10,3,12,5,2,11,13,6,9,1]",4
477410138,"[2,7,1,11,6,10,5,8,12,13,4,9,3]",4
477894356,"[2,8,7,10,4,13,6,1,12,11,3,9,5]",4
478021036,"[4,8,6,12,2,10,1,7,11,13,3,9,5]",4
478288478,"[3,8,1,11,6,12,5,7,13,10,4,9,2]",4
478353319,"[5,8,1,12,6,10,2,7,11,13,4,9,3]",4
478394306,"[4,8,6,13,3,10,5,7,12,11,2,9,1]",4
478420699,"[1,8,7,10,2,11,5,6,13,12,3,9,4]",4
478496408,"[3,5,6,11,7,10,4,8,12,13,1,9,2]",4
478589801,"[3,7,2,12,6,10,4,8,11,13,1,9,5]",4
478775917,"[4,8,7,11,1,10,5,2,12,13,6,9,3]",4
478803520,"[4,7,6,10,3,13,2,8,12,11,5,9,1]",4
479103289,"[1,5,6,10,7,11,4,8,13,12,2,9,3]",4
479157436,"[4,8,6,11,3,10,2,7,12,13,1,9,5]",4
479266308,"[1,2,6,10,7,13,4,8,12,11,3,9,5]",4
479332852,"[4,8,1,11,6,10,3,7,12,13,2,9,5]",4
479569643,"[5,6,1,10,7,13,3,8,11,12,2,9,4]",4
479686741,"[2,6,1,11,7,12,4,8,13,10,5,9,3]",4
479880845,"[5,7,6,10,4,13,1,8,11,12,3,9,2]",4
480078970,"[1,8,7,13,3,12,6,5,11,10,4,9,2]",4
480472996,"[2,8,7,13,6,12,3,1,11,10,4,9,5]",4
481213490,"[5,8,7,11,4,10,6,3,13,12,2,9,1]",4
481460451,"[3,8,7,13,6,11,1,5,10,12,4,9,2]",4
481685167,"[5,6,1,13,7,12,4,8,11,10,2,9,3]",4
481880357,"[1,6,4,11,7,12,2,8,10,13,3,9,5]",4
482146016,"[3,7,6,13,4,10,5,8,12,11,1,9,2]",4
482269010,"[3,6,1,11,7,10,4,8,13,12,5,9,2]",4
482734755,"[3,4,6,12,7,13,2,8,10,11,5,9,1]",4
483006074,"[4,8,6,13,1,11,5,7,10,12,3,9,2]",4
483159656,"[3,8,7,13,5,11,6,4,10,12,1,9,2]",4
483299528,"[2,8,7,11,6,13,1,3,10,12,4,9,5]",4
483313087,"[2,1,6,12,7,13,4,8,10,11,5,9,3]",4
483574075,"[4,7,6,12,5,13,1,8,11,10,3,9,2]",4
483602493,"[3,8,6,13,5,10,1,7,12,11,2,9,4]",4
483817100,"[1,8,7,13,5,11,6,4,10,12,3,9,2]",4
483837076,"[5,8,7,11,1,13,4,6,10,12,2,9,3]",4
484475240,"[3,8,6,13,1,11,4,7,12,10,5,9,2]",4
484738484,"[5,8,7,12,3,13,1,6,10,11,4,9,2]",4
484784703,"[3,7,2,11,6,10,4,8,12,13,5,9,1]",4
484844495,"[5,1,6,10,7,12,4,8,11,13,2,9,3]",4
484895589,"[4,8,7,11,5,10,6,3,12,13,2,9,1]",4
484965461,"[5,8,7,13,3,12,2,4,11,10,6,9,1]",4
485120718,"[5,8,6,10,4,12,1,7,11,13,2,9,3]",4
485247463,"[1,7,6,12,4,10,5,8,11,13,2,9,3]",4
485535133,"[2,7,3,11,6,12,5,8,13,10,4,9,1]",4
485677973,"[1,8,6,13,4,11,5,7,12,10,3,9,2]",4
485741062,"[3,8,2,11,6,12,5,7,10,13,4,9,1]",4
486298584,"[4,8,7,11,3,13,5,6,12,10,1,9,2]",4
486679011,"[3,8,6,13,2,12,5,7,10,11,4,9,1]",4
486708828,"[4,6,5,13,7,12,2,8,10,11,3,9,1]",4
486824530,"[1,8,7,11,5,10,3,4,13,12,6,9,2]",4
486895837,"[3,2,6,11,7,13,1,8,12,10,5,9,4]",4
486970692,"[3,7,5,12,6,11,2,8,10,13,4,9,1]",4
487094181,"[3,8,7,10,2,12,5,6,11,13,1,9,4]",4
487714918,"[2,3,6,13,7,10,1,8,12,11,4,9,5]",4
487933930,"[5,8,7,11,6,10,3,1,13,12,2,9,4]",4
487939590,"[3,8,7,12,1,11,4,6,13,10,2,9,5]",4
488010871,"[2,7,4,13,6,10,1,8,11,12,5,9,3]",4
488396144,"[4,8,7,10,6,11,2,3,12,13,5,9,1]",4
488511961,"[3,8,6,12,5,11,2,7,13,10,1,9,4]",4
488538915,"[4,8,7,11,1,13,6,3,10,12,5,9,2]",4
488787181,"[2,8,7,10,6,11,5,3,12,13,1,9,4]",4
488982635,"[1,5,6,11,7,13,4,8,12,10,2,9,3]",4
489144226,"[5,1,6,13,7,10,4,8,11,12,2,9,3]",4
489315155,"[5,8,7,10,1,13,2,3,11,12,6,9,4]",4
489334948,"[2,7,5,12,6,13,4,8,10,11,1,9,3]",4
489578429,"[3,8,7,10,1,11,6,4,13,12,5,9,2]",4
489593917,"[4,8,2,12,6,10,5,7,13,11,3,9,1]",4
489688138,"[3,7,6,11,5,13,1,8,10,12,2,9,4]",4
489951792,"[3,6,5,11,7,12,4,8,10,13,2,9,1]",4
490125608,"[2,8,7,13,3,10,1,6,11,12,5,9,4]",4
490228755,"[3,8,7,11,6,12,2,4,13,10,1,9,5]",4
490539672,"[4,3,6,11,7,12,1,8,10,13,5,9,2]",4
490627568,"[1,4,6,13,7,12,2,8,11,10,3,9,5]",4
490720626,"[3,7,4,11,6,12,2,8,13,10,1,9,5]",4
491050883,"[4,6,2,13,7,11,1,8,12,10,5,9,3]",4
491133053,"[3,8,7,10,5,11,6,2,13,12,1,9,4]",4
491153568,"[5,8,7,12,2,13,4,6,11,10,3,9,1]",4
491233494,"[5,7,4,12,6,10,2,8,11,13,1,9,3]",4
491459931,"[1,8,7,11,5,12,2,3,10,13,6,9,4]",4
491822056,"[1,8,3,10,6,13,2,7,11,12,4,9,5]",4
491895839,"[4,8,7,12,1,13,6,5,11,10,2,9,3]",4
492227686,"[5,8,7,12,3,11,6,4,10,13,1,9,2]",4
492321150,"[5,8,3,11,6,13,4,7,10,12,1,9,2]",4
492893545,"[1,2,6,12,7,10,3,8,11,13,4,9,5]",4
492995791,"[5,8,3,12,6,13,4,7,11,10,2,9,1]",4
493499138,"[2,8,7,12,6,10,5,3,11,13,1,9,4]",4
494025535,"[5,6,2,11,7,10,3,8,12,13,1,9,4]",4
494611982,"[2,8,7,13,5,12,6,1,10,11,3,9,4]",4
494864623,"[2,6,4,12,7,13,3,8,11,10,5,9,1]",4
